solid OpenSCAD_Model
  facet normal 0.0489127 0.998803 -0
    outer loop
      vertex 0.196033 25.1904 0
      vertex 0 25.2 3
      vertex 0.196033 25.1904 3
    endloop
  endfacet
  facet normal 0.0489127 0.998803 0
    outer loop
      vertex 0 25.2 3
      vertex 0.196033 25.1904 0
      vertex 0 25.2 0
    endloop
  endfacet
  facet normal -0.998796 -0.049066 0
    outer loop
      vertex -7.99037 1.80397 0
      vertex -8 2 3
      vertex -8 2 0
    endloop
  endfacet
  facet normal -0.998796 -0.049066 0
    outer loop
      vertex -8 2 3
      vertex -7.99037 1.80397 0
      vertex -7.99037 1.80397 3
    endloop
  endfacet
  facet normal 0 0 1
    outer loop
      vertex 0.942793 24.9638 3
      vertex 0.888859 24.8629 3
      vertex 1 24.9296 3
    endloop
  endfacet
  facet normal 0 0 1
    outer loop
      vertex 0.765367 25.0478 3
      vertex 0.888859 24.8629 3
      vertex 0.942793 24.9638 3
    endloop
  endfacet
  facet normal 0 0 1
    outer loop
      vertex 0.765367 25.0478 3
      vertex 0.731213 24.746 3
      vertex 0.888859 24.8629 3
    endloop
  endfacet
  facet normal 0 0 1
    outer loop
      vertex 0.580569 25.1139 3
      vertex 0.731213 24.746 3
      vertex 0.765367 25.0478 3
    endloop
  endfacet
  facet normal 0 0 1
    outer loop
      vertex 0.731213 24.746 3
      vertex 0.580569 25.1139 3
      vertex 0.585786 24.6142 3
    endloop
  endfacet
  facet normal 0 0 1
    outer loop
      vertex 0.390181 25.1616 3
      vertex 0.585786 24.6142 3
      vertex 0.580569 25.1139 3
    endloop
  endfacet
  facet normal 0 0 1
    outer loop
      vertex 0.585786 24.6142 3
      vertex 0.390181 25.1616 3
      vertex 0.453979 24.4688 3
    endloop
  endfacet
  facet normal 0 0 1
    outer loop
      vertex 0.196033 25.1904 3
      vertex 0.453979 24.4688 3
      vertex 0.390181 25.1616 3
    endloop
  endfacet
  facet normal 0 0 1
    outer loop
      vertex 0 25.2 3
      vertex 0.453979 24.4688 3
      vertex 0.196033 25.1904 3
    endloop
  endfacet
  facet normal 0 0 1
    outer loop
      vertex 0.453979 24.4688 3
      vertex 0 25.2 3
      vertex 0.33706 24.3111 3
    endloop
  endfacet
  facet normal 0 0 1
    outer loop
      vertex 0.33706 24.3111 3
      vertex 0 25.2 3
      vertex 0.236157 24.1428 3
    endloop
  endfacet
  facet normal 0 0 1
    outer loop
      vertex 0.236157 24.1428 3
      vertex 0 25.2 3
      vertex 0.152241 23.9654 3
    endloop
  endfacet
  facet normal 0 0 1
    outer loop
      vertex 0.152241 23.9654 3
      vertex 0 25.2 3
      vertex 0.0861187 23.7806 3
    endloop
  endfacet
  facet normal 0 0 1
    outer loop
      vertex -2.4 23.1 3
      vertex 0.0861187 23.7806 3
      vertex 0 25.2 3
    endloop
  endfacet
  facet normal 0 0 1
    outer loop
      vertex 0.0861187 23.7806 3
      vertex -2.4 23.1 3
      vertex 0.0384293 23.5902 3
    endloop
  endfacet
  facet normal 0 0 1
    outer loop
      vertex 0.0384293 23.5902 3
      vertex -2.4 23.1 3
      vertex 0.0096302 23.396 3
    endloop
  endfacet
  facet normal 0 0 1
    outer loop
      vertex 0.0096302 23.396 3
      vertex -2.4 23.1 3
      vertex 0 23.2 3
    endloop
  endfacet
  facet normal 0 0 1
    outer loop
      vertex 0 23.2 3
      vertex -2.4 23.1 3
      vertex 0 2 3
    endloop
  endfacet
  facet normal -0 0 1
    outer loop
      vertex -2.4 2.1 3
      vertex 0 2 3
      vertex -2.4 23.1 3
    endloop
  endfacet
  facet normal -0 0 1
    outer loop
      vertex -6 25.2 3
      vertex -2.4 23.1 3
      vertex 0 25.2 3
    endloop
  endfacet
  facet normal -0 0 1
    outer loop
      vertex -6.19603 25.1904 3
      vertex -5.6 23.1 3
      vertex -6 25.2 3
    endloop
  endfacet
  facet normal 0 0 1
    outer loop
      vertex -2.4 23.1 3
      vertex -6 25.2 3
      vertex -5.6 23.1 3
    endloop
  endfacet
  facet normal 0 0 1
    outer loop
      vertex 0.888859 0.33706 3
      vertex 0.942793 0.236157 3
      vertex 1 0.270445 3
    endloop
  endfacet
  facet normal 0 0 1
    outer loop
      vertex 0.888859 0.33706 3
      vertex 0.765367 0.152241 3
      vertex 0.942793 0.236157 3
    endloop
  endfacet
  facet normal 0 0 1
    outer loop
      vertex 0.731213 0.453979 3
      vertex 0.765367 0.152241 3
      vertex 0.888859 0.33706 3
    endloop
  endfacet
  facet normal 0 0 1
    outer loop
      vertex 0.580569 0.0861187 3
      vertex 0.731213 0.453979 3
      vertex 0.585786 0.585786 3
    endloop
  endfacet
  facet normal 0 0 1
    outer loop
      vertex 0.731213 0.453979 3
      vertex 0.580569 0.0861187 3
      vertex 0.765367 0.152241 3
    endloop
  endfacet
  facet normal 0 0 1
    outer loop
      vertex 0.390181 0.0384293 3
      vertex 0.585786 0.585786 3
      vertex 0.453979 0.731213 3
    endloop
  endfacet
  facet normal 0 0 1
    outer loop
      vertex 0.585786 0.585786 3
      vertex 0.390181 0.0384293 3
      vertex 0.580569 0.0861187 3
    endloop
  endfacet
  facet normal 0 0 1
    outer loop
      vertex 0 0 3
      vertex 0.453979 0.731213 3
      vertex 0.33706 0.888859 3
    endloop
  endfacet
  facet normal 0 0 1
    outer loop
      vertex 0 0 3
      vertex 0.33706 0.888859 3
      vertex 0.236157 1.05721 3
    endloop
  endfacet
  facet normal 0 0 1
    outer loop
      vertex 0.453979 0.731213 3
      vertex 0.196033 0.0096302 3
      vertex 0.390181 0.0384293 3
    endloop
  endfacet
  facet normal 0 0 1
    outer loop
      vertex 0 0 3
      vertex 0.236157 1.05721 3
      vertex 0.152241 1.23463 3
    endloop
  endfacet
  facet normal 0 0 1
    outer loop
      vertex 0 0 3
      vertex 0.152241 1.23463 3
      vertex 0.0861187 1.41943 3
    endloop
  endfacet
  facet normal 0 0 1
    outer loop
      vertex 0 0 3
      vertex 0.0861187 1.41943 3
      vertex 0.0384293 1.60982 3
    endloop
  endfacet
  facet normal 0 0 1
    outer loop
      vertex 0 0 3
      vertex 0.0384293 1.60982 3
      vertex 0.0096302 1.80397 3
    endloop
  endfacet
  facet normal 0 0 1
    outer loop
      vertex 0.453979 0.731213 3
      vertex 0 0 3
      vertex 0.196033 0.0096302 3
    endloop
  endfacet
  facet normal 0 0 1
    outer loop
      vertex 0 0 3
      vertex 0.0096302 1.80397 3
      vertex 0 2 3
    endloop
  endfacet
  facet normal 0 0 1
    outer loop
      vertex 0 2 3
      vertex -2.4 2.1 3
      vertex 0 0 3
    endloop
  endfacet
  facet normal 0 0 1
    outer loop
      vertex -6 0 3
      vertex -2.4 2.1 3
      vertex -5.6 2.1 3
    endloop
  endfacet
  facet normal 0 0 1
    outer loop
      vertex -2.4 2.1 3
      vertex -6 0 3
      vertex 0 0 3
    endloop
  endfacet
  facet normal 0 0 1
    outer loop
      vertex -5.6 23.1 3
      vertex -8 23.2 3
      vertex -5.6 2.1 3
    endloop
  endfacet
  facet normal -0 0 1
    outer loop
      vertex -6.39018 25.1616 3
      vertex -5.6 23.1 3
      vertex -6.19603 25.1904 3
    endloop
  endfacet
  facet normal 0 0 1
    outer loop
      vertex -8 2 3
      vertex -5.6 2.1 3
      vertex -8 23.2 3
    endloop
  endfacet
  facet normal -0 0 1
    outer loop
      vertex -6.58057 25.1139 3
      vertex -5.6 23.1 3
      vertex -6.39018 25.1616 3
    endloop
  endfacet
  facet normal 0 -0 1
    outer loop
      vertex -7.99037 1.80397 3
      vertex -5.6 2.1 3
      vertex -8 2 3
    endloop
  endfacet
  facet normal -0 0 1
    outer loop
      vertex -6.76537 25.0478 3
      vertex -5.6 23.1 3
      vertex -6.58057 25.1139 3
    endloop
  endfacet
  facet normal 0 0 1
    outer loop
      vertex -5.6 2.1 3
      vertex -6.19603 0.0096302 3
      vertex -6 0 3
    endloop
  endfacet
  facet normal -0 0 1
    outer loop
      vertex -6.94279 24.9638 3
      vertex -5.6 23.1 3
      vertex -6.76537 25.0478 3
    endloop
  endfacet
  facet normal 0 0 1
    outer loop
      vertex -5.6 2.1 3
      vertex -6.39018 0.0384293 3
      vertex -6.19603 0.0096302 3
    endloop
  endfacet
  facet normal -0 0 1
    outer loop
      vertex -7.11114 24.8629 3
      vertex -5.6 23.1 3
      vertex -6.94279 24.9638 3
    endloop
  endfacet
  facet normal 0 0 1
    outer loop
      vertex -5.6 2.1 3
      vertex -6.58057 0.0861187 3
      vertex -6.39018 0.0384293 3
    endloop
  endfacet
  facet normal -0 0 1
    outer loop
      vertex -7.26879 24.746 3
      vertex -5.6 23.1 3
      vertex -7.11114 24.8629 3
    endloop
  endfacet
  facet normal 0 0 1
    outer loop
      vertex -5.6 2.1 3
      vertex -6.76537 0.152241 3
      vertex -6.58057 0.0861187 3
    endloop
  endfacet
  facet normal -0 0 1
    outer loop
      vertex -7.41421 24.6142 3
      vertex -5.6 23.1 3
      vertex -7.26879 24.746 3
    endloop
  endfacet
  facet normal 0 0 1
    outer loop
      vertex -5.6 2.1 3
      vertex -6.94279 0.236157 3
      vertex -6.76537 0.152241 3
    endloop
  endfacet
  facet normal -0 0 1
    outer loop
      vertex -7.54602 24.4688 3
      vertex -5.6 23.1 3
      vertex -7.41421 24.6142 3
    endloop
  endfacet
  facet normal 0 0 1
    outer loop
      vertex -5.6 2.1 3
      vertex -7.11114 0.33706 3
      vertex -6.94279 0.236157 3
    endloop
  endfacet
  facet normal -0 0 1
    outer loop
      vertex -7.66294 24.3111 3
      vertex -5.6 23.1 3
      vertex -7.54602 24.4688 3
    endloop
  endfacet
  facet normal 0 0 1
    outer loop
      vertex -5.6 2.1 3
      vertex -7.26879 0.453979 3
      vertex -7.11114 0.33706 3
    endloop
  endfacet
  facet normal -0 0 1
    outer loop
      vertex -7.76384 24.1428 3
      vertex -5.6 23.1 3
      vertex -7.66294 24.3111 3
    endloop
  endfacet
  facet normal 0 0 1
    outer loop
      vertex -5.6 2.1 3
      vertex -7.41421 0.585786 3
      vertex -7.26879 0.453979 3
    endloop
  endfacet
  facet normal -0 0 1
    outer loop
      vertex -7.84776 23.9654 3
      vertex -5.6 23.1 3
      vertex -7.76384 24.1428 3
    endloop
  endfacet
  facet normal 0 0 1
    outer loop
      vertex -5.6 2.1 3
      vertex -7.54602 0.731213 3
      vertex -7.41421 0.585786 3
    endloop
  endfacet
  facet normal -0 0 1
    outer loop
      vertex -7.91388 23.7806 3
      vertex -5.6 23.1 3
      vertex -7.84776 23.9654 3
    endloop
  endfacet
  facet normal 0 0 1
    outer loop
      vertex -5.6 2.1 3
      vertex -7.66294 0.888859 3
      vertex -7.54602 0.731213 3
    endloop
  endfacet
  facet normal -0 0 1
    outer loop
      vertex -7.96157 23.5902 3
      vertex -5.6 23.1 3
      vertex -7.91388 23.7806 3
    endloop
  endfacet
  facet normal 0 0 1
    outer loop
      vertex -5.6 2.1 3
      vertex -7.76384 1.05721 3
      vertex -7.66294 0.888859 3
    endloop
  endfacet
  facet normal -0 0 1
    outer loop
      vertex -7.99037 23.396 3
      vertex -5.6 23.1 3
      vertex -7.96157 23.5902 3
    endloop
  endfacet
  facet normal 0 0 1
    outer loop
      vertex -5.6 2.1 3
      vertex -7.84776 1.23463 3
      vertex -7.76384 1.05721 3
    endloop
  endfacet
  facet normal 0 0 1
    outer loop
      vertex -5.6 23.1 3
      vertex -7.99037 23.396 3
      vertex -8 23.2 3
    endloop
  endfacet
  facet normal 0 0 1
    outer loop
      vertex -5.6 2.1 3
      vertex -7.91388 1.41943 3
      vertex -7.84776 1.23463 3
    endloop
  endfacet
  facet normal 0 0 1
    outer loop
      vertex -5.6 2.1 3
      vertex -7.96157 1.60982 3
      vertex -7.91388 1.41943 3
    endloop
  endfacet
  facet normal 0 0 1
    outer loop
      vertex -5.6 2.1 3
      vertex -7.99037 1.80397 3
      vertex -7.96157 1.60982 3
    endloop
  endfacet
  facet normal -0.0489135 0.998803 0
    outer loop
      vertex -6 25.2 0
      vertex -6.19603 25.1904 3
      vertex -6 25.2 3
    endloop
  endfacet
  facet normal -0.0489135 0.998803 0
    outer loop
      vertex -6.19603 25.1904 3
      vertex -6 25.2 0
      vertex -6.19603 25.1904 0
    endloop
  endfacet
  facet normal 0 -1 0
    outer loop
      vertex -6 0 0
      vertex 0 0 3
      vertex -6 0 3
    endloop
  endfacet
  facet normal 0 -1 -0
    outer loop
      vertex 0 0 3
      vertex -6 0 0
      vertex 0 0 0
    endloop
  endfacet
  facet normal -0.941548 -0.336879 0
    outer loop
      vertex -7.84776 1.23463 0
      vertex -7.91388 1.41943 3
      vertex -7.91388 1.41943 0
    endloop
  endfacet
  facet normal -0.941548 -0.336879 0
    outer loop
      vertex -7.91388 1.41943 3
      vertex -7.84776 1.23463 0
      vertex -7.84776 1.23463 3
    endloop
  endfacet
  facet normal 0 1 -0
    outer loop
      vertex 0 25.2 0
      vertex -6 25.2 3
      vertex 0 25.2 3
    endloop
  endfacet
  facet normal 0 1 0
    outer loop
      vertex -6 25.2 3
      vertex 0 25.2 0
      vertex -6 25.2 0
    endloop
  endfacet
  facet normal 0.146735 0.989176 -0
    outer loop
      vertex 0.390181 25.1616 0
      vertex 0.196033 25.1904 3
      vertex 0.390181 25.1616 3
    endloop
  endfacet
  facet normal 0.146735 0.989176 0
    outer loop
      vertex 0.196033 25.1904 3
      vertex 0.390181 25.1616 0
      vertex 0.196033 25.1904 0
    endloop
  endfacet
  facet normal -0.803203 -0.595705 0
    outer loop
      vertex -7.54602 0.731213 0
      vertex -7.66294 0.888859 3
      vertex -7.66294 0.888859 0
    endloop
  endfacet
  facet normal -0.803203 -0.595705 0
    outer loop
      vertex -7.66294 0.888859 3
      vertex -7.54602 0.731213 0
      vertex -7.54602 0.731213 3
    endloop
  endfacet
  facet normal -1 0 0
    outer loop
      vertex -8 2 0
      vertex -8 23.2 3
      vertex -8 23.2 0
    endloop
  endfacet
  facet normal -1 -0 0
    outer loop
      vertex -8 23.2 3
      vertex -8 2 0
      vertex -8 2 3
    endloop
  endfacet
  facet normal -0 0 -1
    outer loop
      vertex 1 24.9296 0
      vertex -2.4 23.1 0
      vertex 0 25.2 0
    endloop
  endfacet
  facet normal 0 0 -1
    outer loop
      vertex -6 25.2 0
      vertex -2.4 23.1 0
      vertex -5.6 23.1 0
    endloop
  endfacet
  facet normal 0 0 -1
    outer loop
      vertex -2.4 23.1 0
      vertex -6 25.2 0
      vertex 0 25.2 0
    endloop
  endfacet
  facet normal -0 0 -1
    outer loop
      vertex -5.6 2.1 0
      vertex -8 2 0
      vertex -5.6 23.1 0
    endloop
  endfacet
  facet normal 0 0 -1
    outer loop
      vertex -8 2 0
      vertex -6 0 0
      vertex -6.19603 0.0096302 0
    endloop
  endfacet
  facet normal 0 0 -1
    outer loop
      vertex -8 23.2 0
      vertex -5.6 23.1 0
      vertex -8 2 0
    endloop
  endfacet
  facet normal 0 0 -1
    outer loop
      vertex -8 2 0
      vertex -6.19603 0.0096302 0
      vertex -6.39018 0.0384293 0
    endloop
  endfacet
  facet normal 0 -0 -1
    outer loop
      vertex -7.99037 23.396 0
      vertex -5.6 23.1 0
      vertex -8 23.2 0
    endloop
  endfacet
  facet normal 0 0 -1
    outer loop
      vertex -8 2 0
      vertex -6.39018 0.0384293 0
      vertex -6.58057 0.0861187 0
    endloop
  endfacet
  facet normal 0 0 -1
    outer loop
      vertex -5.6 23.1 0
      vertex -6.19603 25.1904 0
      vertex -6 25.2 0
    endloop
  endfacet
  facet normal 0 0 -1
    outer loop
      vertex -8 2 0
      vertex -6.58057 0.0861187 0
      vertex -6.76537 0.152241 0
    endloop
  endfacet
  facet normal 0 0 -1
    outer loop
      vertex -5.6 23.1 0
      vertex -6.39018 25.1616 0
      vertex -6.19603 25.1904 0
    endloop
  endfacet
  facet normal 0 0 -1
    outer loop
      vertex -8 2 0
      vertex -6.76537 0.152241 0
      vertex -6.94279 0.236157 0
    endloop
  endfacet
  facet normal 0 0 -1
    outer loop
      vertex -5.6 23.1 0
      vertex -6.58057 25.1139 0
      vertex -6.39018 25.1616 0
    endloop
  endfacet
  facet normal 0 0 -1
    outer loop
      vertex -8 2 0
      vertex -6.94279 0.236157 0
      vertex -7.11114 0.33706 0
    endloop
  endfacet
  facet normal 0 0 -1
    outer loop
      vertex -5.6 23.1 0
      vertex -6.76537 25.0478 0
      vertex -6.58057 25.1139 0
    endloop
  endfacet
  facet normal 0 0 -1
    outer loop
      vertex -8 2 0
      vertex -7.11114 0.33706 0
      vertex -7.26879 0.453979 0
    endloop
  endfacet
  facet normal 0 0 -1
    outer loop
      vertex -5.6 23.1 0
      vertex -6.94279 24.9638 0
      vertex -6.76537 25.0478 0
    endloop
  endfacet
  facet normal 0 0 -1
    outer loop
      vertex -8 2 0
      vertex -7.26879 0.453979 0
      vertex -7.41421 0.585786 0
    endloop
  endfacet
  facet normal 0 0 -1
    outer loop
      vertex -5.6 23.1 0
      vertex -7.11114 24.8629 0
      vertex -6.94279 24.9638 0
    endloop
  endfacet
  facet normal 0 0 -1
    outer loop
      vertex -8 2 0
      vertex -7.41421 0.585786 0
      vertex -7.54602 0.731213 0
    endloop
  endfacet
  facet normal 0 0 -1
    outer loop
      vertex -5.6 23.1 0
      vertex -7.26879 24.746 0
      vertex -7.11114 24.8629 0
    endloop
  endfacet
  facet normal 0 0 -1
    outer loop
      vertex -8 2 0
      vertex -7.54602 0.731213 0
      vertex -7.66294 0.888859 0
    endloop
  endfacet
  facet normal 0 0 -1
    outer loop
      vertex -5.6 23.1 0
      vertex -7.41421 24.6142 0
      vertex -7.26879 24.746 0
    endloop
  endfacet
  facet normal 0 0 -1
    outer loop
      vertex -8 2 0
      vertex -7.66294 0.888859 0
      vertex -7.76384 1.05721 0
    endloop
  endfacet
  facet normal 0 0 -1
    outer loop
      vertex -5.6 23.1 0
      vertex -7.54602 24.4688 0
      vertex -7.41421 24.6142 0
    endloop
  endfacet
  facet normal 0 0 -1
    outer loop
      vertex -8 2 0
      vertex -7.76384 1.05721 0
      vertex -7.84776 1.23463 0
    endloop
  endfacet
  facet normal 0 0 -1
    outer loop
      vertex -5.6 23.1 0
      vertex -7.66294 24.3111 0
      vertex -7.54602 24.4688 0
    endloop
  endfacet
  facet normal 0 0 -1
    outer loop
      vertex -8 2 0
      vertex -7.84776 1.23463 0
      vertex -7.91388 1.41943 0
    endloop
  endfacet
  facet normal 0 0 -1
    outer loop
      vertex -5.6 23.1 0
      vertex -7.76384 24.1428 0
      vertex -7.66294 24.3111 0
    endloop
  endfacet
  facet normal 0 0 -1
    outer loop
      vertex -8 2 0
      vertex -7.91388 1.41943 0
      vertex -7.96157 1.60982 0
    endloop
  endfacet
  facet normal 0 0 -1
    outer loop
      vertex -5.6 23.1 0
      vertex -7.84776 23.9654 0
      vertex -7.76384 24.1428 0
    endloop
  endfacet
  facet normal 0 0 -1
    outer loop
      vertex -8 2 0
      vertex -7.96157 1.60982 0
      vertex -7.99037 1.80397 0
    endloop
  endfacet
  facet normal 0 0 -1
    outer loop
      vertex -5.6 23.1 0
      vertex -7.91388 23.7806 0
      vertex -7.84776 23.9654 0
    endloop
  endfacet
  facet normal 0 0 -1
    outer loop
      vertex -5.6 23.1 0
      vertex -7.96157 23.5902 0
      vertex -7.91388 23.7806 0
    endloop
  endfacet
  facet normal 0 0 -1
    outer loop
      vertex -5.6 23.1 0
      vertex -7.99037 23.396 0
      vertex -7.96157 23.5902 0
    endloop
  endfacet
  facet normal 0 0 -1
    outer loop
      vertex 44.8 2.1 0
      vertex 47.2 2 0
      vertex 47.1904 1.80397 0
    endloop
  endfacet
  facet normal 0 0 -1
    outer loop
      vertex 47.2 2 0
      vertex 44.8 2.1 0
      vertex 47.2 23.2 0
    endloop
  endfacet
  facet normal 0 0 -1
    outer loop
      vertex 44.8 2.1 0
      vertex 47.1904 1.80397 0
      vertex 47.1616 1.60982 0
    endloop
  endfacet
  facet normal 0 0 -1
    outer loop
      vertex 44.8 23.1 0
      vertex 47.2 23.2 0
      vertex 44.8 2.1 0
    endloop
  endfacet
  facet normal 0 0 -1
    outer loop
      vertex 44.8 2.1 0
      vertex 47.1616 1.60982 0
      vertex 47.1139 1.41943 0
    endloop
  endfacet
  facet normal -0 0 -1
    outer loop
      vertex 47.2 23.2 0
      vertex 44.8 23.1 0
      vertex 47.1904 23.396 0
    endloop
  endfacet
  facet normal 0 0 -1
    outer loop
      vertex 44.8 2.1 0
      vertex 47.1139 1.41943 0
      vertex 47.0478 1.23463 0
    endloop
  endfacet
  facet normal -0 0 -1
    outer loop
      vertex 47.1904 23.396 0
      vertex 44.8 23.1 0
      vertex 47.1616 23.5902 0
    endloop
  endfacet
  facet normal 0 0 -1
    outer loop
      vertex 44.8 2.1 0
      vertex 47.0478 1.23463 0
      vertex 46.9638 1.05721 0
    endloop
  endfacet
  facet normal -0 0 -1
    outer loop
      vertex 47.1616 23.5902 0
      vertex 44.8 23.1 0
      vertex 47.1139 23.7806 0
    endloop
  endfacet
  facet normal 0 0 -1
    outer loop
      vertex 44.8 2.1 0
      vertex 46.9638 1.05721 0
      vertex 46.8629 0.888859 0
    endloop
  endfacet
  facet normal -0 0 -1
    outer loop
      vertex 47.1139 23.7806 0
      vertex 44.8 23.1 0
      vertex 47.0478 23.9654 0
    endloop
  endfacet
  facet normal 0 0 -1
    outer loop
      vertex 44.8 2.1 0
      vertex 46.8629 0.888859 0
      vertex 46.746 0.731213 0
    endloop
  endfacet
  facet normal -0 0 -1
    outer loop
      vertex 47.0478 23.9654 0
      vertex 44.8 23.1 0
      vertex 46.9638 24.1428 0
    endloop
  endfacet
  facet normal 0 0 -1
    outer loop
      vertex 44.8 2.1 0
      vertex 46.746 0.731213 0
      vertex 46.6142 0.585786 0
    endloop
  endfacet
  facet normal -0 0 -1
    outer loop
      vertex 46.9638 24.1428 0
      vertex 44.8 23.1 0
      vertex 46.8629 24.3111 0
    endloop
  endfacet
  facet normal 0 0 -1
    outer loop
      vertex 44.8 2.1 0
      vertex 46.6142 0.585786 0
      vertex 46.4688 0.453979 0
    endloop
  endfacet
  facet normal -0 0 -1
    outer loop
      vertex 46.8629 24.3111 0
      vertex 44.8 23.1 0
      vertex 46.746 24.4688 0
    endloop
  endfacet
  facet normal 0 0 -1
    outer loop
      vertex 44.8 2.1 0
      vertex 46.4688 0.453979 0
      vertex 46.3111 0.33706 0
    endloop
  endfacet
  facet normal -0 0 -1
    outer loop
      vertex 46.746 24.4688 0
      vertex 44.8 23.1 0
      vertex 46.6142 24.6142 0
    endloop
  endfacet
  facet normal 0 0 -1
    outer loop
      vertex 44.8 2.1 0
      vertex 46.3111 0.33706 0
      vertex 46.1428 0.236157 0
    endloop
  endfacet
  facet normal -0 0 -1
    outer loop
      vertex 46.6142 24.6142 0
      vertex 44.8 23.1 0
      vertex 46.4688 24.746 0
    endloop
  endfacet
  facet normal 0 0 -1
    outer loop
      vertex 44.8 2.1 0
      vertex 46.1428 0.236157 0
      vertex 45.9654 0.152241 0
    endloop
  endfacet
  facet normal -0 0 -1
    outer loop
      vertex 46.4688 24.746 0
      vertex 44.8 23.1 0
      vertex 46.3111 24.8629 0
    endloop
  endfacet
  facet normal 0 0 -1
    outer loop
      vertex 44.8 2.1 0
      vertex 45.9654 0.152241 0
      vertex 45.7806 0.0861187 0
    endloop
  endfacet
  facet normal -0 0 -1
    outer loop
      vertex 46.3111 24.8629 0
      vertex 44.8 23.1 0
      vertex 46.1428 24.9638 0
    endloop
  endfacet
  facet normal 0 0 -1
    outer loop
      vertex 44.8 2.1 0
      vertex 45.7806 0.0861187 0
      vertex 45.5902 0.0384293 0
    endloop
  endfacet
  facet normal -0 0 -1
    outer loop
      vertex 46.1428 24.9638 0
      vertex 44.8 23.1 0
      vertex 45.9654 25.0478 0
    endloop
  endfacet
  facet normal 0 0 -1
    outer loop
      vertex 44.8 2.1 0
      vertex 45.5902 0.0384293 0
      vertex 45.396 0.0096302 0
    endloop
  endfacet
  facet normal -0 0 -1
    outer loop
      vertex 45.9654 25.0478 0
      vertex 44.8 23.1 0
      vertex 45.7806 25.1139 0
    endloop
  endfacet
  facet normal 0 0 -1
    outer loop
      vertex 44.8 2.1 0
      vertex 45.396 0.0096302 0
      vertex 45.2 0 0
    endloop
  endfacet
  facet normal -0 0 -1
    outer loop
      vertex 45.7806 25.1139 0
      vertex 44.8 23.1 0
      vertex 45.5902 25.1616 0
    endloop
  endfacet
  facet normal -0 0 -1
    outer loop
      vertex 45.5902 25.1616 0
      vertex 44.8 23.1 0
      vertex 45.396 25.1904 0
    endloop
  endfacet
  facet normal 0 0 -1
    outer loop
      vertex 45.2 0 0
      vertex 41.6 2.1 0
      vertex 44.8 2.1 0
    endloop
  endfacet
  facet normal 0 0 -1
    outer loop
      vertex 38.2 0.270445 0
      vertex 41.6 2.1 0
      vertex 39.2 0 0
    endloop
  endfacet
  facet normal 0 0 -1
    outer loop
      vertex 39.2 0 0
      vertex 41.6 2.1 0
      vertex 45.2 0 0
    endloop
  endfacet
  facet normal -0 0 -1
    outer loop
      vertex 45.396 25.1904 0
      vertex 44.8 23.1 0
      vertex 45.2 25.2 0
    endloop
  endfacet
  facet normal 0 0 -1
    outer loop
      vertex 41.6 23.1 0
      vertex 45.2 25.2 0
      vertex 44.8 23.1 0
    endloop
  endfacet
  facet normal 0 0 -1
    outer loop
      vertex 41.6 23.1 0
      vertex 39.2 25.2 0
      vertex 45.2 25.2 0
    endloop
  endfacet
  facet normal 0 0 -1
    outer loop
      vertex 37.2 0 0
      vertex 41.6 2.1 0
      vertex 38.2 0.270445 0
    endloop
  endfacet
  facet normal 0 0 -1
    outer loop
      vertex 38.2 0.270445 0
      vertex 39.2 0 0
      vertex 39.004 0.0096302 0
    endloop
  endfacet
  facet normal -0 0 -1
    outer loop
      vertex 41.6 2.1 0
      vertex 37.2 0 0
      vertex 41.6 23.1 0
    endloop
  endfacet
  facet normal 0 0 -1
    outer loop
      vertex 38.2 0.270445 0
      vertex 39.004 0.0096302 0
      vertex 38.8098 0.0384293 0
    endloop
  endfacet
  facet normal 0 0 -1
    outer loop
      vertex 41.6 23.1 0
      vertex 38.2 24.9296 0
      vertex 39.2 25.2 0
    endloop
  endfacet
  facet normal 0 0 -1
    outer loop
      vertex 38.2 0.270445 0
      vertex 38.8098 0.0384293 0
      vertex 38.6194 0.0861187 0
    endloop
  endfacet
  facet normal 0 0 -1
    outer loop
      vertex 39.2 25.2 0
      vertex 38.2 24.9296 0
      vertex 39.004 25.1904 0
    endloop
  endfacet
  facet normal 0 0 -1
    outer loop
      vertex 38.2 0.270445 0
      vertex 38.6194 0.0861187 0
      vertex 38.4346 0.152241 0
    endloop
  endfacet
  facet normal 0 0 -1
    outer loop
      vertex 39.004 25.1904 0
      vertex 38.2 24.9296 0
      vertex 38.8098 25.1616 0
    endloop
  endfacet
  facet normal 0 0 -1
    outer loop
      vertex 38.2 0.270445 0
      vertex 38.4346 0.152241 0
      vertex 38.2572 0.236157 0
    endloop
  endfacet
  facet normal 0 0 -1
    outer loop
      vertex 38.8098 25.1616 0
      vertex 38.2 24.9296 0
      vertex 38.6194 25.1139 0
    endloop
  endfacet
  facet normal 0 0 -1
    outer loop
      vertex 38.6194 25.1139 0
      vertex 38.2 24.9296 0
      vertex 38.4346 25.0478 0
    endloop
  endfacet
  facet normal 0 0 -1
    outer loop
      vertex 38.4346 25.0478 0
      vertex 38.2 24.9296 0
      vertex 38.2572 24.9638 0
    endloop
  endfacet
  facet normal 0 0 -1
    outer loop
      vertex 37.9654 0.152241 0
      vertex 38.2 0.270445 0
      vertex 38.1428 0.236157 0
    endloop
  endfacet
  facet normal 0 0 -1
    outer loop
      vertex 37.2 25.2 0
      vertex 41.6 23.1 0
      vertex 37.2 0 0
    endloop
  endfacet
  facet normal 0 0 -1
    outer loop
      vertex 38.2 0.270445 0
      vertex 37.9654 0.152241 0
      vertex 37.2 0 0
    endloop
  endfacet
  facet normal 0 0 -1
    outer loop
      vertex 41.6 23.1 0
      vertex 37.2 25.2 0
      vertex 38.2 24.9296 0
    endloop
  endfacet
  facet normal 0 0 -1
    outer loop
      vertex 37.2 0 0
      vertex 37.9654 0.152241 0
      vertex 37.7806 0.0861187 0
    endloop
  endfacet
  facet normal -0 -0 -1
    outer loop
      vertex 37.9654 25.0478 0
      vertex 38.2 24.9296 0
      vertex 37.2 25.2 0
    endloop
  endfacet
  facet normal 0 0 -1
    outer loop
      vertex 37.2 0 0
      vertex 37.7806 0.0861187 0
      vertex 37.5902 0.0384293 0
    endloop
  endfacet
  facet normal 0 0 -1
    outer loop
      vertex 38.2 24.9296 0
      vertex 37.9654 25.0478 0
      vertex 38.1428 24.9638 0
    endloop
  endfacet
  facet normal 0 0 -1
    outer loop
      vertex 37.2 0 0
      vertex 37.5902 0.0384293 0
      vertex 37.396 0.0096302 0
    endloop
  endfacet
  facet normal 0 0 -1
    outer loop
      vertex 37.9654 25.0478 0
      vertex 37.2 25.2 0
      vertex 37.7806 25.1139 0
    endloop
  endfacet
  facet normal 0 0 -1
    outer loop
      vertex 37.7806 25.1139 0
      vertex 37.2 25.2 0
      vertex 37.5902 25.1616 0
    endloop
  endfacet
  facet normal 0 0 -1
    outer loop
      vertex 37.5902 25.1616 0
      vertex 37.2 25.2 0
      vertex 37.396 25.1904 0
    endloop
  endfacet
  facet normal 0 0 -1
    outer loop
      vertex 2 0 0
      vertex 37.2 25.2 0
      vertex 37.2 0 0
    endloop
  endfacet
  facet normal 0 0 -1
    outer loop
      vertex 2 0 0
      vertex 2 25.2 0
      vertex 37.2 25.2 0
    endloop
  endfacet
  facet normal 0 0 -1
    outer loop
      vertex 1 0.270445 0
      vertex 2 0 0
      vertex 1.80397 0.0096302 0
    endloop
  endfacet
  facet normal 0 0 -1
    outer loop
      vertex -2.4 2.1 0
      vertex 2 0 0
      vertex 1 0.270445 0
    endloop
  endfacet
  facet normal 0 0 -1
    outer loop
      vertex 1 0.270445 0
      vertex 1.80397 0.0096302 0
      vertex 1.60982 0.0384293 0
    endloop
  endfacet
  facet normal 0 0 -1
    outer loop
      vertex 2 0 0
      vertex -2.4 2.1 0
      vertex 2 25.2 0
    endloop
  endfacet
  facet normal 0 0 -1
    outer loop
      vertex 1 0.270445 0
      vertex 1.60982 0.0384293 0
      vertex 1.41943 0.0861187 0
    endloop
  endfacet
  facet normal 0 0 -1
    outer loop
      vertex 2 25.2 0
      vertex 1 24.9296 0
      vertex 1.80397 25.1904 0
    endloop
  endfacet
  facet normal 0 0 -1
    outer loop
      vertex 1 0.270445 0
      vertex 1.41943 0.0861187 0
      vertex 1.23463 0.152241 0
    endloop
  endfacet
  facet normal 0 0 -1
    outer loop
      vertex 1.80397 25.1904 0
      vertex 1 24.9296 0
      vertex 1.60982 25.1616 0
    endloop
  endfacet
  facet normal 0 0 -1
    outer loop
      vertex 1 0.270445 0
      vertex 1.23463 0.152241 0
      vertex 1.05721 0.236157 0
    endloop
  endfacet
  facet normal 0 0 -1
    outer loop
      vertex 1.60982 25.1616 0
      vertex 1 24.9296 0
      vertex 1.41943 25.1139 0
    endloop
  endfacet
  facet normal 0 0 -1
    outer loop
      vertex 1.41943 25.1139 0
      vertex 1 24.9296 0
      vertex 1.23463 25.0478 0
    endloop
  endfacet
  facet normal 0 0 -1
    outer loop
      vertex 1.23463 25.0478 0
      vertex 1 24.9296 0
      vertex 1.05721 24.9638 0
    endloop
  endfacet
  facet normal 0 0 -1
    outer loop
      vertex 0.765367 0.152241 0
      vertex 1 0.270445 0
      vertex 0.942793 0.236157 0
    endloop
  endfacet
  facet normal 0 0 -1
    outer loop
      vertex -2.4 23.1 0
      vertex 2 25.2 0
      vertex -2.4 2.1 0
    endloop
  endfacet
  facet normal 0 0 -1
    outer loop
      vertex 1 0.270445 0
      vertex 0.765367 0.152241 0
      vertex 0 0 0
    endloop
  endfacet
  facet normal 0 0 -1
    outer loop
      vertex 2 25.2 0
      vertex -2.4 23.1 0
      vertex 1 24.9296 0
    endloop
  endfacet
  facet normal 0 0 -1
    outer loop
      vertex 0 0 0
      vertex 0.765367 0.152241 0
      vertex 0.580569 0.0861187 0
    endloop
  endfacet
  facet normal -0 -0 -1
    outer loop
      vertex 0.765367 25.0478 0
      vertex 1 24.9296 0
      vertex 0 25.2 0
    endloop
  endfacet
  facet normal 0 0 -1
    outer loop
      vertex 0 0 0
      vertex 0.580569 0.0861187 0
      vertex 0.390181 0.0384293 0
    endloop
  endfacet
  facet normal 0 0 -1
    outer loop
      vertex 1 24.9296 0
      vertex 0.765367 25.0478 0
      vertex 0.942793 24.9638 0
    endloop
  endfacet
  facet normal 0 0 -1
    outer loop
      vertex 0 0 0
      vertex 0.390181 0.0384293 0
      vertex 0.196033 0.0096302 0
    endloop
  endfacet
  facet normal 0 0 -1
    outer loop
      vertex 0.765367 25.0478 0
      vertex 0 25.2 0
      vertex 0.580569 25.1139 0
    endloop
  endfacet
  facet normal -0 0 -1
    outer loop
      vertex 1 0.270445 0
      vertex 0 0 0
      vertex -2.4 2.1 0
    endloop
  endfacet
  facet normal 0 0 -1
    outer loop
      vertex 0.580569 25.1139 0
      vertex 0 25.2 0
      vertex 0.390181 25.1616 0
    endloop
  endfacet
  facet normal 0 0 -1
    outer loop
      vertex 0.390181 25.1616 0
      vertex 0 25.2 0
      vertex 0.196033 25.1904 0
    endloop
  endfacet
  facet normal 0 0 -1
    outer loop
      vertex -6 0 0
      vertex -2.4 2.1 0
      vertex 0 0 0
    endloop
  endfacet
  facet normal 0 0 -1
    outer loop
      vertex -8 2 0
      vertex -5.6 2.1 0
      vertex -6 0 0
    endloop
  endfacet
  facet normal -0 0 -1
    outer loop
      vertex -2.4 2.1 0
      vertex -6 0 0
      vertex -5.6 2.1 0
    endloop
  endfacet
  facet normal -0.146733 0.989176 0
    outer loop
      vertex -6.19603 25.1904 0
      vertex -6.39018 25.1616 3
      vertex -6.19603 25.1904 3
    endloop
  endfacet
  facet normal -0.146733 0.989176 0
    outer loop
      vertex -6.39018 25.1616 3
      vertex -6.19603 25.1904 0
      vertex -6.39018 25.1616 0
    endloop
  endfacet
  facet normal 0.427904 0.903824 -0
    outer loop
      vertex 0.942793 24.9638 0
      vertex 0.765367 25.0478 3
      vertex 0.942793 24.9638 3
    endloop
  endfacet
  facet normal 0.427904 0.903824 0
    outer loop
      vertex 0.765367 25.0478 3
      vertex 0.942793 24.9638 0
      vertex 0.765367 25.0478 0
    endloop
  endfacet
  facet normal 0.24303 0.970019 -0
    outer loop
      vertex 0.580569 25.1139 0
      vertex 0.390181 25.1616 3
      vertex 0.580569 25.1139 3
    endloop
  endfacet
  facet normal 0.24303 0.970019 0
    outer loop
      vertex 0.390181 25.1616 3
      vertex 0.580569 25.1139 0
      vertex 0.390181 25.1616 0
    endloop
  endfacet
  facet normal 0.0490662 -0.998796 0
    outer loop
      vertex 0 0 0
      vertex 0.196033 0.0096302 3
      vertex 0 0 3
    endloop
  endfacet
  facet normal 0.0490662 -0.998796 0
    outer loop
      vertex 0.196033 0.0096302 3
      vertex 0 0 0
      vertex 0.196033 0.0096302 0
    endloop
  endfacet
  facet normal -0.049067 -0.998795 0
    outer loop
      vertex -6.19603 0.0096302 0
      vertex -6 0 3
      vertex -6.19603 0.0096302 3
    endloop
  endfacet
  facet normal -0.049067 -0.998795 -0
    outer loop
      vertex -6 0 3
      vertex -6.19603 0.0096302 0
      vertex -6 0 0
    endloop
  endfacet
  facet normal -0.514095 -0.857733 0
    outer loop
      vertex -7.11114 0.33706 0
      vertex -6.94279 0.236157 3
      vertex -7.11114 0.33706 3
    endloop
  endfacet
  facet normal -0.514095 -0.857733 -0
    outer loop
      vertex -6.94279 0.236157 3
      vertex -7.11114 0.33706 0
      vertex -6.94279 0.236157 0
    endloop
  endfacet
  facet normal -0.903976 -0.427583 0
    outer loop
      vertex -7.76384 1.05721 0
      vertex -7.84776 1.23463 3
      vertex -7.84776 1.23463 0
    endloop
  endfacet
  facet normal -0.903976 -0.427583 0
    outer loop
      vertex -7.84776 1.23463 3
      vertex -7.76384 1.05721 0
      vertex -7.76384 1.05721 3
    endloop
  endfacet
  facet normal -0.970032 -0.242979 0
    outer loop
      vertex -7.91388 1.41943 0
      vertex -7.96157 1.60982 3
      vertex -7.96157 1.60982 0
    endloop
  endfacet
  facet normal -0.970032 -0.242979 0
    outer loop
      vertex -7.96157 1.60982 3
      vertex -7.91388 1.41943 0
      vertex -7.91388 1.41943 3
    endloop
  endfacet
  facet normal -0.989176 -0.146733 0
    outer loop
      vertex -7.96157 1.60982 0
      vertex -7.99037 1.80397 3
      vertex -7.99037 1.80397 0
    endloop
  endfacet
  facet normal -0.989176 -0.146733 0
    outer loop
      vertex -7.99037 1.80397 3
      vertex -7.96157 1.60982 0
      vertex -7.96157 1.60982 3
    endloop
  endfacet
  facet normal -0.970035 0.242967 0
    outer loop
      vertex -7.96157 23.5902 0
      vertex -7.91388 23.7806 3
      vertex -7.91388 23.7806 0
    endloop
  endfacet
  facet normal -0.970035 0.242967 0
    outer loop
      vertex -7.91388 23.7806 3
      vertex -7.96157 23.5902 0
      vertex -7.96157 23.5902 3
    endloop
  endfacet
  facet normal -0.941548 0.336879 0
    outer loop
      vertex -7.91388 23.7806 0
      vertex -7.84776 23.9654 3
      vertex -7.84776 23.9654 0
    endloop
  endfacet
  facet normal -0.941548 0.336879 0
    outer loop
      vertex -7.84776 23.9654 3
      vertex -7.91388 23.7806 0
      vertex -7.91388 23.7806 3
    endloop
  endfacet
  facet normal -0.998795 0.0490735 0
    outer loop
      vertex -8 23.2 0
      vertex -7.99037 23.396 3
      vertex -7.99037 23.396 0
    endloop
  endfacet
  facet normal -0.998795 0.0490735 0
    outer loop
      vertex -7.99037 23.396 3
      vertex -8 23.2 0
      vertex -8 23.2 3
    endloop
  endfacet
  facet normal -0.989182 0.146696 0
    outer loop
      vertex -7.99037 23.396 0
      vertex -7.96157 23.5902 3
      vertex -7.96157 23.5902 0
    endloop
  endfacet
  facet normal -0.989182 0.146696 0
    outer loop
      vertex -7.96157 23.5902 3
      vertex -7.99037 23.396 0
      vertex -7.99037 23.396 3
    endloop
  endfacet
  facet normal -0.740882 0.671635 0
    outer loop
      vertex -7.54602 24.4688 0
      vertex -7.41421 24.6142 3
      vertex -7.41421 24.6142 0
    endloop
  endfacet
  facet normal -0.740882 0.671635 0
    outer loop
      vertex -7.41421 24.6142 3
      vertex -7.54602 24.4688 0
      vertex -7.54602 24.4688 3
    endloop
  endfacet
  facet normal -0.903958 0.427622 0
    outer loop
      vertex -7.84776 23.9654 0
      vertex -7.76384 24.1428 3
      vertex -7.76384 24.1428 0
    endloop
  endfacet
  facet normal -0.903958 0.427622 0
    outer loop
      vertex -7.76384 24.1428 3
      vertex -7.84776 23.9654 0
      vertex -7.84776 23.9654 3
    endloop
  endfacet
  facet normal -0.243027 0.970019 0
    outer loop
      vertex -6.39018 25.1616 0
      vertex -6.58057 25.1139 3
      vertex -6.39018 25.1616 3
    endloop
  endfacet
  facet normal -0.243027 0.970019 0
    outer loop
      vertex -6.58057 25.1139 3
      vertex -6.39018 25.1616 0
      vertex -6.58057 25.1139 0
    endloop
  endfacet
  facet normal -0.427916 0.903819 0
    outer loop
      vertex -6.76537 25.0478 0
      vertex -6.94279 24.9638 3
      vertex -6.76537 25.0478 3
    endloop
  endfacet
  facet normal -0.427916 0.903819 0
    outer loop
      vertex -6.94279 24.9638 3
      vertex -6.76537 25.0478 0
      vertex -6.94279 24.9638 0
    endloop
  endfacet
  facet normal 0.513125 0.858314 -0
    outer loop
      vertex 1 24.9296 0
      vertex 0.942793 24.9638 3
      vertex 1 24.9296 3
    endloop
  endfacet
  facet normal 0.513125 0.858314 0
    outer loop
      vertex 0.942793 24.9638 3
      vertex 1 24.9296 0
      vertex 0.942793 24.9638 0
    endloop
  endfacet
  facet normal 0.336791 0.941579 -0
    outer loop
      vertex 0.765367 25.0478 0
      vertex 0.580569 25.1139 3
      vertex 0.765367 25.0478 3
    endloop
  endfacet
  facet normal 0.336791 0.941579 0
    outer loop
      vertex 0.580569 25.1139 3
      vertex 0.765367 25.0478 0
      vertex 0.580569 25.1139 0
    endloop
  endfacet
  facet normal 0.336892 -0.941543 0
    outer loop
      vertex 0.580569 0.0861187 0
      vertex 0.765367 0.152241 3
      vertex 0.580569 0.0861187 3
    endloop
  endfacet
  facet normal 0.336892 -0.941543 0
    outer loop
      vertex 0.765367 0.152241 3
      vertex 0.580569 0.0861187 0
      vertex 0.765367 0.152241 0
    endloop
  endfacet
  facet normal 0.14673 -0.989177 0
    outer loop
      vertex 0.196033 0.0096302 0
      vertex 0.390181 0.0384293 3
      vertex 0.196033 0.0096302 3
    endloop
  endfacet
  facet normal 0.14673 -0.989177 0
    outer loop
      vertex 0.390181 0.0384293 3
      vertex 0.196033 0.0096302 0
      vertex 0.390181 0.0384293 0
    endloop
  endfacet
  facet normal -0.336889 -0.941544 0
    outer loop
      vertex -6.76537 0.152241 0
      vertex -6.58057 0.0861187 3
      vertex -6.76537 0.152241 3
    endloop
  endfacet
  facet normal -0.336889 -0.941544 -0
    outer loop
      vertex -6.58057 0.0861187 3
      vertex -6.76537 0.152241 0
      vertex -6.58057 0.0861187 0
    endloop
  endfacet
  facet normal -0.427566 -0.903984 0
    outer loop
      vertex -6.94279 0.236157 0
      vertex -6.76537 0.152241 3
      vertex -6.94279 0.236157 3
    endloop
  endfacet
  facet normal -0.427566 -0.903984 -0
    outer loop
      vertex -6.76537 0.152241 3
      vertex -6.94279 0.236157 0
      vertex -6.76537 0.152241 0
    endloop
  endfacet
  facet normal -0.242976 -0.970032 0
    outer loop
      vertex -6.58057 0.0861187 0
      vertex -6.39018 0.0384293 3
      vertex -6.58057 0.0861187 3
    endloop
  endfacet
  facet normal -0.242976 -0.970032 -0
    outer loop
      vertex -6.39018 0.0384293 3
      vertex -6.58057 0.0861187 0
      vertex -6.39018 0.0384293 0
    endloop
  endfacet
  facet normal -0.857741 -0.514081 0
    outer loop
      vertex -7.66294 0.888859 0
      vertex -7.76384 1.05721 3
      vertex -7.76384 1.05721 0
    endloop
  endfacet
  facet normal -0.857741 -0.514081 0
    outer loop
      vertex -7.76384 1.05721 3
      vertex -7.66294 0.888859 0
      vertex -7.66294 0.888859 3
    endloop
  endfacet
  facet normal -0.740944 -0.671566 0
    outer loop
      vertex -7.41421 0.585786 0
      vertex -7.54602 0.731213 3
      vertex -7.54602 0.731213 0
    endloop
  endfacet
  facet normal -0.740944 -0.671566 0
    outer loop
      vertex -7.54602 0.731213 3
      vertex -7.41421 0.585786 0
      vertex -7.41421 0.585786 3
    endloop
  endfacet
  facet normal -0.336788 0.94158 0
    outer loop
      vertex -6.58057 25.1139 0
      vertex -6.76537 25.0478 3
      vertex -6.58057 25.1139 3
    endloop
  endfacet
  facet normal -0.336788 0.94158 0
    outer loop
      vertex -6.76537 25.0478 3
      vertex -6.58057 25.1139 0
      vertex -6.76537 25.0478 0
    endloop
  endfacet
  facet normal -0.514084 0.85774 0
    outer loop
      vertex -6.94279 24.9638 0
      vertex -7.11114 24.8629 3
      vertex -6.94279 24.9638 3
    endloop
  endfacet
  facet normal -0.514084 0.85774 0
    outer loop
      vertex -7.11114 24.8629 3
      vertex -6.94279 24.9638 0
      vertex -7.11114 24.8629 0
    endloop
  endfacet
  facet normal 0.514097 -0.857732 0
    outer loop
      vertex 0.942793 0.236157 0
      vertex 1 0.270445 3
      vertex 0.942793 0.236157 3
    endloop
  endfacet
  facet normal 0.514097 -0.857732 0
    outer loop
      vertex 1 0.270445 3
      vertex 0.942793 0.236157 0
      vertex 1 0.270445 0
    endloop
  endfacet
  facet normal 0.242979 -0.970032 0
    outer loop
      vertex 0.390181 0.0384293 0
      vertex 0.580569 0.0861187 3
      vertex 0.390181 0.0384293 3
    endloop
  endfacet
  facet normal 0.242979 -0.970032 0
    outer loop
      vertex 0.580569 0.0861187 3
      vertex 0.390181 0.0384293 0
      vertex 0.580569 0.0861187 0
    endloop
  endfacet
  facet normal -0.146729 -0.989177 0
    outer loop
      vertex -6.39018 0.0384293 0
      vertex -6.19603 0.0096302 3
      vertex -6.39018 0.0384293 3
    endloop
  endfacet
  facet normal -0.146729 -0.989177 -0
    outer loop
      vertex -6.19603 0.0096302 3
      vertex -6.39018 0.0384293 0
      vertex -6.19603 0.0096302 0
    endloop
  endfacet
  facet normal -0.671576 -0.740936 0
    outer loop
      vertex -7.41421 0.585786 0
      vertex -7.26879 0.453979 3
      vertex -7.41421 0.585786 3
    endloop
  endfacet
  facet normal -0.671576 -0.740936 -0
    outer loop
      vertex -7.26879 0.453979 3
      vertex -7.41421 0.585786 0
      vertex -7.26879 0.453979 0
    endloop
  endfacet
  facet normal -0.595692 -0.803213 0
    outer loop
      vertex -7.26879 0.453979 0
      vertex -7.11114 0.33706 3
      vertex -7.26879 0.453979 3
    endloop
  endfacet
  facet normal -0.595692 -0.803213 -0
    outer loop
      vertex -7.11114 0.33706 3
      vertex -7.26879 0.453979 0
      vertex -7.11114 0.33706 0
    endloop
  endfacet
  facet normal -0.671556 0.740954 0
    outer loop
      vertex -7.26879 24.746 0
      vertex -7.41421 24.6142 3
      vertex -7.26879 24.746 3
    endloop
  endfacet
  facet normal -0.671556 0.740954 0
    outer loop
      vertex -7.41421 24.6142 3
      vertex -7.26879 24.746 0
      vertex -7.41421 24.6142 0
    endloop
  endfacet
  facet normal -0.803301 0.595573 0
    outer loop
      vertex -7.66294 24.3111 0
      vertex -7.54602 24.4688 3
      vertex -7.54602 24.4688 0
    endloop
  endfacet
  facet normal -0.803301 0.595573 0
    outer loop
      vertex -7.54602 24.4688 3
      vertex -7.66294 24.3111 0
      vertex -7.66294 24.3111 3
    endloop
  endfacet
  facet normal -0.59563 0.803259 0
    outer loop
      vertex -7.11114 24.8629 0
      vertex -7.26879 24.746 3
      vertex -7.11114 24.8629 3
    endloop
  endfacet
  facet normal -0.59563 0.803259 0
    outer loop
      vertex -7.26879 24.746 3
      vertex -7.11114 24.8629 0
      vertex -7.26879 24.746 0
    endloop
  endfacet
  facet normal 0.427554 -0.90399 0
    outer loop
      vertex 0.765367 0.152241 0
      vertex 0.942793 0.236157 3
      vertex 0.765367 0.152241 3
    endloop
  endfacet
  facet normal 0.427554 -0.90399 0
    outer loop
      vertex 0.942793 0.236157 3
      vertex 0.765367 0.152241 0
      vertex 0.942793 0.236157 0
    endloop
  endfacet
  facet normal -0.857673 0.514196 0
    outer loop
      vertex -7.76384 24.1428 0
      vertex -7.66294 24.3111 3
      vertex -7.66294 24.3111 0
    endloop
  endfacet
  facet normal -0.857673 0.514196 0
    outer loop
      vertex -7.66294 24.3111 3
      vertex -7.76384 24.1428 0
      vertex -7.76384 24.1428 3
    endloop
  endfacet
  facet normal 0.0489209 0.998803 -0
    outer loop
      vertex 45.396 25.1904 0
      vertex 45.2 25.2 3
      vertex 45.396 25.1904 3
    endloop
  endfacet
  facet normal 0.0489209 0.998803 0
    outer loop
      vertex 45.2 25.2 3
      vertex 45.396 25.1904 0
      vertex 45.2 25.2 0
    endloop
  endfacet
  facet normal 0 0 1
    outer loop
      vertex 41.6 23.1 3
      vertex 39.1904 23.396 3
      vertex 39.2 23.2 3
    endloop
  endfacet
  facet normal 0 0 1
    outer loop
      vertex 41.6 23.1 3
      vertex 39.1616 23.5902 3
      vertex 39.1904 23.396 3
    endloop
  endfacet
  facet normal 0 0 1
    outer loop
      vertex 41.6 23.1 3
      vertex 39.1139 23.7806 3
      vertex 39.1616 23.5902 3
    endloop
  endfacet
  facet normal 0 0 1
    outer loop
      vertex 39.2 25.2 3
      vertex 39.0478 23.9654 3
      vertex 39.1139 23.7806 3
    endloop
  endfacet
  facet normal 0 0 1
    outer loop
      vertex 38.746 24.4688 3
      vertex 39.2 25.2 3
      vertex 39.004 25.1904 3
    endloop
  endfacet
  facet normal 0 0 1
    outer loop
      vertex 39.2 25.2 3
      vertex 38.9638 24.1428 3
      vertex 39.0478 23.9654 3
    endloop
  endfacet
  facet normal 0 0 1
    outer loop
      vertex 39.2 25.2 3
      vertex 38.8629 24.3111 3
      vertex 38.9638 24.1428 3
    endloop
  endfacet
  facet normal 0 0 1
    outer loop
      vertex 38.746 24.4688 3
      vertex 39.004 25.1904 3
      vertex 38.8098 25.1616 3
    endloop
  endfacet
  facet normal 0 0 1
    outer loop
      vertex 39.2 25.2 3
      vertex 38.746 24.4688 3
      vertex 38.8629 24.3111 3
    endloop
  endfacet
  facet normal 0 0 1
    outer loop
      vertex 38.6142 24.6142 3
      vertex 38.8098 25.1616 3
      vertex 38.6194 25.1139 3
    endloop
  endfacet
  facet normal 0 0 1
    outer loop
      vertex 38.8098 25.1616 3
      vertex 38.6142 24.6142 3
      vertex 38.746 24.4688 3
    endloop
  endfacet
  facet normal 0 0 1
    outer loop
      vertex 38.6194 25.1139 3
      vertex 38.4688 24.746 3
      vertex 38.6142 24.6142 3
    endloop
  endfacet
  facet normal -0 0 1
    outer loop
      vertex 38.4346 25.0478 3
      vertex 38.4688 24.746 3
      vertex 38.6194 25.1139 3
    endloop
  endfacet
  facet normal 0 0 1
    outer loop
      vertex 38.4346 25.0478 3
      vertex 38.3111 24.8629 3
      vertex 38.4688 24.746 3
    endloop
  endfacet
  facet normal -0 0 1
    outer loop
      vertex 38.2572 24.9638 3
      vertex 38.3111 24.8629 3
      vertex 38.4346 25.0478 3
    endloop
  endfacet
  facet normal 0 0 1
    outer loop
      vertex 38.3111 24.8629 3
      vertex 38.2572 24.9638 3
      vertex 38.2 24.9296 3
    endloop
  endfacet
  facet normal 0 0 1
    outer loop
      vertex 44.8 23.1 3
      vertex 47.2 23.2 3
      vertex 47.1904 23.396 3
    endloop
  endfacet
  facet normal 0 0 1
    outer loop
      vertex 47.2 23.2 3
      vertex 44.8 23.1 3
      vertex 47.2 2 3
    endloop
  endfacet
  facet normal 0 0 1
    outer loop
      vertex 44.8 23.1 3
      vertex 47.1904 23.396 3
      vertex 47.1616 23.5902 3
    endloop
  endfacet
  facet normal -0 0 1
    outer loop
      vertex 44.8 2.1 3
      vertex 47.2 2 3
      vertex 44.8 23.1 3
    endloop
  endfacet
  facet normal 0 0 1
    outer loop
      vertex 44.8 23.1 3
      vertex 47.1616 23.5902 3
      vertex 47.1139 23.7806 3
    endloop
  endfacet
  facet normal 0 0 1
    outer loop
      vertex 47.2 2 3
      vertex 44.8 2.1 3
      vertex 47.1904 1.80397 3
    endloop
  endfacet
  facet normal 0 0 1
    outer loop
      vertex 44.8 23.1 3
      vertex 47.1139 23.7806 3
      vertex 47.0478 23.9654 3
    endloop
  endfacet
  facet normal 0 0 1
    outer loop
      vertex 47.1904 1.80397 3
      vertex 44.8 2.1 3
      vertex 47.1616 1.60982 3
    endloop
  endfacet
  facet normal 0 0 1
    outer loop
      vertex 44.8 23.1 3
      vertex 47.0478 23.9654 3
      vertex 46.9638 24.1428 3
    endloop
  endfacet
  facet normal 0 0 1
    outer loop
      vertex 47.1616 1.60982 3
      vertex 44.8 2.1 3
      vertex 47.1139 1.41943 3
    endloop
  endfacet
  facet normal 0 0 1
    outer loop
      vertex 44.8 23.1 3
      vertex 46.9638 24.1428 3
      vertex 46.8629 24.3111 3
    endloop
  endfacet
  facet normal 0 0 1
    outer loop
      vertex 47.1139 1.41943 3
      vertex 44.8 2.1 3
      vertex 47.0478 1.23463 3
    endloop
  endfacet
  facet normal 0 0 1
    outer loop
      vertex 44.8 23.1 3
      vertex 46.8629 24.3111 3
      vertex 46.746 24.4688 3
    endloop
  endfacet
  facet normal 0 0 1
    outer loop
      vertex 47.0478 1.23463 3
      vertex 44.8 2.1 3
      vertex 46.9638 1.05721 3
    endloop
  endfacet
  facet normal 0 0 1
    outer loop
      vertex 44.8 23.1 3
      vertex 46.746 24.4688 3
      vertex 46.6142 24.6142 3
    endloop
  endfacet
  facet normal 0 0 1
    outer loop
      vertex 46.9638 1.05721 3
      vertex 44.8 2.1 3
      vertex 46.8629 0.888859 3
    endloop
  endfacet
  facet normal 0 0 1
    outer loop
      vertex 44.8 23.1 3
      vertex 46.6142 24.6142 3
      vertex 46.4688 24.746 3
    endloop
  endfacet
  facet normal 0 0 1
    outer loop
      vertex 46.8629 0.888859 3
      vertex 44.8 2.1 3
      vertex 46.746 0.731213 3
    endloop
  endfacet
  facet normal 0 0 1
    outer loop
      vertex 44.8 23.1 3
      vertex 46.4688 24.746 3
      vertex 46.3111 24.8629 3
    endloop
  endfacet
  facet normal 0 0 1
    outer loop
      vertex 46.746 0.731213 3
      vertex 44.8 2.1 3
      vertex 46.6142 0.585786 3
    endloop
  endfacet
  facet normal 0 0 1
    outer loop
      vertex 44.8 23.1 3
      vertex 46.3111 24.8629 3
      vertex 46.1428 24.9638 3
    endloop
  endfacet
  facet normal 0 0 1
    outer loop
      vertex 46.6142 0.585786 3
      vertex 44.8 2.1 3
      vertex 46.4688 0.453979 3
    endloop
  endfacet
  facet normal 0 0 1
    outer loop
      vertex 44.8 23.1 3
      vertex 46.1428 24.9638 3
      vertex 45.9654 25.0478 3
    endloop
  endfacet
  facet normal 0 0 1
    outer loop
      vertex 46.4688 0.453979 3
      vertex 44.8 2.1 3
      vertex 46.3111 0.33706 3
    endloop
  endfacet
  facet normal 0 0 1
    outer loop
      vertex 44.8 23.1 3
      vertex 45.9654 25.0478 3
      vertex 45.7806 25.1139 3
    endloop
  endfacet
  facet normal 0 0 1
    outer loop
      vertex 46.3111 0.33706 3
      vertex 44.8 2.1 3
      vertex 46.1428 0.236157 3
    endloop
  endfacet
  facet normal 0 0 1
    outer loop
      vertex 44.8 23.1 3
      vertex 45.7806 25.1139 3
      vertex 45.5902 25.1616 3
    endloop
  endfacet
  facet normal 0 0 1
    outer loop
      vertex 46.1428 0.236157 3
      vertex 44.8 2.1 3
      vertex 45.9654 0.152241 3
    endloop
  endfacet
  facet normal 0 0 1
    outer loop
      vertex 44.8 23.1 3
      vertex 45.5902 25.1616 3
      vertex 45.396 25.1904 3
    endloop
  endfacet
  facet normal 0 0 1
    outer loop
      vertex 45.9654 0.152241 3
      vertex 44.8 2.1 3
      vertex 45.7806 0.0861187 3
    endloop
  endfacet
  facet normal 0 0 1
    outer loop
      vertex 44.8 23.1 3
      vertex 45.396 25.1904 3
      vertex 45.2 25.2 3
    endloop
  endfacet
  facet normal 0 0 1
    outer loop
      vertex 45.7806 0.0861187 3
      vertex 44.8 2.1 3
      vertex 45.5902 0.0384293 3
    endloop
  endfacet
  facet normal 0 0 1
    outer loop
      vertex 45.5902 0.0384293 3
      vertex 44.8 2.1 3
      vertex 45.396 0.0096302 3
    endloop
  endfacet
  facet normal 0 0 1
    outer loop
      vertex 45.2 25.2 3
      vertex 41.6 23.1 3
      vertex 44.8 23.1 3
    endloop
  endfacet
  facet normal -0 0 1
    outer loop
      vertex 39.1139 23.7806 3
      vertex 41.6 23.1 3
      vertex 39.2 25.2 3
    endloop
  endfacet
  facet normal -0 0 1
    outer loop
      vertex 39.2 25.2 3
      vertex 41.6 23.1 3
      vertex 45.2 25.2 3
    endloop
  endfacet
  facet normal 0 0 1
    outer loop
      vertex 45.396 0.0096302 3
      vertex 44.8 2.1 3
      vertex 45.2 0 3
    endloop
  endfacet
  facet normal -0 0 1
    outer loop
      vertex 41.6 2.1 3
      vertex 45.2 0 3
      vertex 44.8 2.1 3
    endloop
  endfacet
  facet normal 0 0 1
    outer loop
      vertex 41.6 23.1 3
      vertex 39.2 23.2 3
      vertex 41.6 2.1 3
    endloop
  endfacet
  facet normal 0 0 1
    outer loop
      vertex 39.2 2 3
      vertex 41.6 2.1 3
      vertex 39.2 23.2 3
    endloop
  endfacet
  facet normal 0 0 1
    outer loop
      vertex 39.1904 1.80397 3
      vertex 41.6 2.1 3
      vertex 39.2 2 3
    endloop
  endfacet
  facet normal 0 0 1
    outer loop
      vertex 39.1616 1.60982 3
      vertex 41.6 2.1 3
      vertex 39.1904 1.80397 3
    endloop
  endfacet
  facet normal 0 0 1
    outer loop
      vertex 39.1139 1.41943 3
      vertex 41.6 2.1 3
      vertex 39.1616 1.60982 3
    endloop
  endfacet
  facet normal 0 0 1
    outer loop
      vertex 41.6 2.1 3
      vertex 39.2 0 3
      vertex 45.2 0 3
    endloop
  endfacet
  facet normal 0 0 1
    outer loop
      vertex 41.6 2.1 3
      vertex 39.1139 1.41943 3
      vertex 39.2 0 3
    endloop
  endfacet
  facet normal -0 0 1
    outer loop
      vertex 39.0478 1.23463 3
      vertex 39.2 0 3
      vertex 39.1139 1.41943 3
    endloop
  endfacet
  facet normal -0 0 1
    outer loop
      vertex 38.9638 1.05721 3
      vertex 39.2 0 3
      vertex 39.0478 1.23463 3
    endloop
  endfacet
  facet normal -0 0 1
    outer loop
      vertex 38.8629 0.888859 3
      vertex 39.2 0 3
      vertex 38.9638 1.05721 3
    endloop
  endfacet
  facet normal -0 0 1
    outer loop
      vertex 38.746 0.731213 3
      vertex 39.2 0 3
      vertex 38.8629 0.888859 3
    endloop
  endfacet
  facet normal 0 0 1
    outer loop
      vertex 39.2 0 3
      vertex 38.746 0.731213 3
      vertex 39.004 0.0096302 3
    endloop
  endfacet
  facet normal 0 0 1
    outer loop
      vertex 39.004 0.0096302 3
      vertex 38.746 0.731213 3
      vertex 38.8098 0.0384293 3
    endloop
  endfacet
  facet normal -0 0 1
    outer loop
      vertex 38.6142 0.585786 3
      vertex 38.8098 0.0384293 3
      vertex 38.746 0.731213 3
    endloop
  endfacet
  facet normal 0 0 1
    outer loop
      vertex 38.8098 0.0384293 3
      vertex 38.6142 0.585786 3
      vertex 38.6194 0.0861187 3
    endloop
  endfacet
  facet normal -0 0 1
    outer loop
      vertex 38.4688 0.453979 3
      vertex 38.6194 0.0861187 3
      vertex 38.6142 0.585786 3
    endloop
  endfacet
  facet normal 0 0 1
    outer loop
      vertex 38.4688 0.453979 3
      vertex 38.4346 0.152241 3
      vertex 38.6194 0.0861187 3
    endloop
  endfacet
  facet normal -0 0 1
    outer loop
      vertex 38.3111 0.33706 3
      vertex 38.4346 0.152241 3
      vertex 38.4688 0.453979 3
    endloop
  endfacet
  facet normal 0 0 1
    outer loop
      vertex 38.3111 0.33706 3
      vertex 38.2572 0.236157 3
      vertex 38.4346 0.152241 3
    endloop
  endfacet
  facet normal 0 -0 1
    outer loop
      vertex 38.2572 0.236157 3
      vertex 38.3111 0.33706 3
      vertex 38.2 0.270445 3
    endloop
  endfacet
  facet normal 0.970019 -0.243027 0
    outer loop
      vertex 47.1139 1.41943 3
      vertex 47.1616 1.60982 0
      vertex 47.1616 1.60982 3
    endloop
  endfacet
  facet normal 0.970019 -0.243027 0
    outer loop
      vertex 47.1616 1.60982 0
      vertex 47.1139 1.41943 3
      vertex 47.1139 1.41943 0
    endloop
  endfacet
  facet normal 0.998803 0.0489209 0
    outer loop
      vertex 47.2 23.2 3
      vertex 47.1904 23.396 0
      vertex 47.1904 23.396 3
    endloop
  endfacet
  facet normal 0.998803 0.0489209 0
    outer loop
      vertex 47.1904 23.396 0
      vertex 47.2 23.2 3
      vertex 47.2 23.2 0
    endloop
  endfacet
  facet normal 1 -0 0
    outer loop
      vertex 47.2 2 3
      vertex 47.2 23.2 0
      vertex 47.2 23.2 3
    endloop
  endfacet
  facet normal 1 0 0
    outer loop
      vertex 47.2 23.2 0
      vertex 47.2 2 3
      vertex 47.2 2 0
    endloop
  endfacet
  facet normal -0.0489209 0.998803 0
    outer loop
      vertex 39.2 25.2 0
      vertex 39.004 25.1904 3
      vertex 39.2 25.2 3
    endloop
  endfacet
  facet normal -0.0489209 0.998803 0
    outer loop
      vertex 39.004 25.1904 3
      vertex 39.2 25.2 0
      vertex 39.004 25.1904 0
    endloop
  endfacet
  facet normal 0.94158 -0.336788 0
    outer loop
      vertex 47.0478 1.23463 3
      vertex 47.1139 1.41943 0
      vertex 47.1139 1.41943 3
    endloop
  endfacet
  facet normal 0.94158 -0.336788 0
    outer loop
      vertex 47.1139 1.41943 0
      vertex 47.0478 1.23463 3
      vertex 47.0478 1.23463 0
    endloop
  endfacet
  facet normal 0 -1 0
    outer loop
      vertex 39.2 0 0
      vertex 45.2 0 3
      vertex 39.2 0 3
    endloop
  endfacet
  facet normal 0 -1 -0
    outer loop
      vertex 45.2 0 3
      vertex 39.2 0 0
      vertex 45.2 0 0
    endloop
  endfacet
  facet normal 0.94158 0.336788 0
    outer loop
      vertex 47.1139 23.7806 3
      vertex 47.0478 23.9654 0
      vertex 47.0478 23.9654 3
    endloop
  endfacet
  facet normal 0.94158 0.336788 0
    outer loop
      vertex 47.0478 23.9654 0
      vertex 47.1139 23.7806 3
      vertex 47.1139 23.7806 0
    endloop
  endfacet
  facet normal 0 1 -0
    outer loop
      vertex 45.2 25.2 0
      vertex 39.2 25.2 3
      vertex 45.2 25.2 3
    endloop
  endfacet
  facet normal 0 1 0
    outer loop
      vertex 39.2 25.2 3
      vertex 45.2 25.2 0
      vertex 39.2 25.2 0
    endloop
  endfacet
  facet normal 0.146696 0.989182 -0
    outer loop
      vertex 45.5902 25.1616 0
      vertex 45.396 25.1904 3
      vertex 45.5902 25.1616 3
    endloop
  endfacet
  facet normal 0.146696 0.989182 0
    outer loop
      vertex 45.396 25.1904 3
      vertex 45.5902 25.1616 0
      vertex 45.396 25.1904 0
    endloop
  endfacet
  facet normal 0.9038 0.427955 0
    outer loop
      vertex 47.0478 23.9654 3
      vertex 46.9638 24.1428 0
      vertex 46.9638 24.1428 3
    endloop
  endfacet
  facet normal 0.9038 0.427955 0
    outer loop
      vertex 46.9638 24.1428 0
      vertex 47.0478 23.9654 3
      vertex 47.0478 23.9654 0
    endloop
  endfacet
  facet normal 0.989176 -0.146733 0
    outer loop
      vertex 47.1616 1.60982 3
      vertex 47.1904 1.80397 0
      vertex 47.1904 1.80397 3
    endloop
  endfacet
  facet normal 0.989176 -0.146733 0
    outer loop
      vertex 47.1904 1.80397 0
      vertex 47.1616 1.60982 3
      vertex 47.1616 1.60982 0
    endloop
  endfacet
  facet normal -0.146696 0.989182 0
    outer loop
      vertex 39.004 25.1904 0
      vertex 38.8098 25.1616 3
      vertex 39.004 25.1904 3
    endloop
  endfacet
  facet normal -0.146696 0.989182 0
    outer loop
      vertex 38.8098 25.1616 3
      vertex 39.004 25.1904 0
      vertex 38.8098 25.1616 0
    endloop
  endfacet
  facet normal 0.427955 0.9038 -0
    outer loop
      vertex 46.1428 24.9638 0
      vertex 45.9654 25.0478 3
      vertex 46.1428 24.9638 3
    endloop
  endfacet
  facet normal 0.427955 0.9038 0
    outer loop
      vertex 45.9654 25.0478 3
      vertex 46.1428 24.9638 0
      vertex 45.9654 25.0478 0
    endloop
  endfacet
  facet normal 0.595508 0.80335 -0
    outer loop
      vertex 46.4688 24.746 0
      vertex 46.3111 24.8629 3
      vertex 46.4688 24.746 3
    endloop
  endfacet
  facet normal 0.595508 0.80335 0
    outer loop
      vertex 46.3111 24.8629 3
      vertex 46.4688 24.746 0
      vertex 46.3111 24.8629 0
    endloop
  endfacet
  facet normal 0.243015 0.970023 -0
    outer loop
      vertex 45.7806 25.1139 0
      vertex 45.5902 25.1616 3
      vertex 45.7806 25.1139 3
    endloop
  endfacet
  facet normal 0.243015 0.970023 0
    outer loop
      vertex 45.5902 25.1616 3
      vertex 45.7806 25.1139 0
      vertex 45.5902 25.1616 0
    endloop
  endfacet
  facet normal 0.59557 -0.803303 0
    outer loop
      vertex 46.3111 0.33706 0
      vertex 46.4688 0.453979 3
      vertex 46.3111 0.33706 3
    endloop
  endfacet
  facet normal 0.59557 -0.803303 0
    outer loop
      vertex 46.4688 0.453979 3
      vertex 46.3111 0.33706 0
      vertex 46.4688 0.453979 0
    endloop
  endfacet
  facet normal 0.0490745 -0.998795 0
    outer loop
      vertex 45.2 0 0
      vertex 45.396 0.0096302 3
      vertex 45.2 0 3
    endloop
  endfacet
  facet normal 0.0490745 -0.998795 0
    outer loop
      vertex 45.396 0.0096302 3
      vertex 45.2 0 0
      vertex 45.396 0.0096302 0
    endloop
  endfacet
  facet normal 0.998803 -0.0489135 0
    outer loop
      vertex 47.1904 1.80397 3
      vertex 47.2 2 0
      vertex 47.2 2 3
    endloop
  endfacet
  facet normal 0.998803 -0.0489135 0
    outer loop
      vertex 47.2 2 0
      vertex 47.1904 1.80397 3
      vertex 47.1904 1.80397 0
    endloop
  endfacet
  facet normal -0.0490745 -0.998795 0
    outer loop
      vertex 39.004 0.0096302 0
      vertex 39.2 0 3
      vertex 39.004 0.0096302 3
    endloop
  endfacet
  facet normal -0.0490745 -0.998795 -0
    outer loop
      vertex 39.2 0 3
      vertex 39.004 0.0096302 0
      vertex 39.2 0 0
    endloop
  endfacet
  facet normal -0.514143 -0.857705 0
    outer loop
      vertex 38.2 0.270445 0
      vertex 38.2572 0.236157 3
      vertex 38.2 0.270445 3
    endloop
  endfacet
  facet normal -0.514143 -0.857705 -0
    outer loop
      vertex 38.2572 0.236157 3
      vertex 38.2 0.270445 0
      vertex 38.2572 0.236157 0
    endloop
  endfacet
  facet normal -0.243015 0.970023 0
    outer loop
      vertex 38.8098 25.1616 0
      vertex 38.6194 25.1139 3
      vertex 38.8098 25.1616 3
    endloop
  endfacet
  facet normal -0.243015 0.970023 0
    outer loop
      vertex 38.6194 25.1139 3
      vertex 38.8098 25.1616 0
      vertex 38.6194 25.1139 0
    endloop
  endfacet
  facet normal -0.427955 0.9038 0
    outer loop
      vertex 38.4346 25.0478 0
      vertex 38.2572 24.9638 3
      vertex 38.4346 25.0478 3
    endloop
  endfacet
  facet normal -0.427955 0.9038 0
    outer loop
      vertex 38.2572 24.9638 3
      vertex 38.4346 25.0478 0
      vertex 38.2572 24.9638 0
    endloop
  endfacet
  facet normal 0.514196 0.857673 -0
    outer loop
      vertex 46.3111 24.8629 0
      vertex 46.1428 24.9638 3
      vertex 46.3111 24.8629 3
    endloop
  endfacet
  facet normal 0.514196 0.857673 0
    outer loop
      vertex 46.1428 24.9638 3
      vertex 46.3111 24.8629 0
      vertex 46.1428 24.9638 0
    endloop
  endfacet
  facet normal 0.336788 0.94158 -0
    outer loop
      vertex 45.9654 25.0478 0
      vertex 45.7806 25.1139 3
      vertex 45.9654 25.0478 3
    endloop
  endfacet
  facet normal 0.336788 0.94158 0
    outer loop
      vertex 45.7806 25.1139 3
      vertex 45.9654 25.0478 0
      vertex 45.7806 25.1139 0
    endloop
  endfacet
  facet normal 0.740908 0.671607 0
    outer loop
      vertex 46.746 24.4688 3
      vertex 46.6142 24.6142 0
      vertex 46.6142 24.6142 3
    endloop
  endfacet
  facet normal 0.740908 0.671607 0
    outer loop
      vertex 46.6142 24.6142 0
      vertex 46.746 24.4688 3
      vertex 46.746 24.4688 0
    endloop
  endfacet
  facet normal 0.671607 0.740908 -0
    outer loop
      vertex 46.6142 24.6142 0
      vertex 46.4688 24.746 3
      vertex 46.6142 24.6142 3
    endloop
  endfacet
  facet normal 0.671607 0.740908 0
    outer loop
      vertex 46.4688 24.746 3
      vertex 46.6142 24.6142 0
      vertex 46.4688 24.746 0
    endloop
  endfacet
  facet normal 0.857741 -0.514081 0
    outer loop
      vertex 46.8629 0.888859 3
      vertex 46.9638 1.05721 0
      vertex 46.9638 1.05721 3
    endloop
  endfacet
  facet normal 0.857741 -0.514081 0
    outer loop
      vertex 46.9638 1.05721 0
      vertex 46.8629 0.888859 3
      vertex 46.8629 0.888859 0
    endloop
  endfacet
  facet normal 0.803252 -0.595639 0
    outer loop
      vertex 46.746 0.731213 3
      vertex 46.8629 0.888859 0
      vertex 46.8629 0.888859 3
    endloop
  endfacet
  facet normal 0.803252 -0.595639 0
    outer loop
      vertex 46.8629 0.888859 0
      vertex 46.746 0.731213 3
      vertex 46.746 0.731213 0
    endloop
  endfacet
  facet normal 0.336889 -0.941544 0
    outer loop
      vertex 45.7806 0.0861187 0
      vertex 45.9654 0.152241 3
      vertex 45.7806 0.0861187 3
    endloop
  endfacet
  facet normal 0.336889 -0.941544 0
    outer loop
      vertex 45.9654 0.152241 3
      vertex 45.7806 0.0861187 0
      vertex 45.9654 0.152241 0
    endloop
  endfacet
  facet normal 0.146692 -0.989182 0
    outer loop
      vertex 45.396 0.0096302 0
      vertex 45.5902 0.0384293 3
      vertex 45.396 0.0096302 3
    endloop
  endfacet
  facet normal 0.146692 -0.989182 0
    outer loop
      vertex 45.5902 0.0384293 3
      vertex 45.396 0.0096302 0
      vertex 45.5902 0.0384293 0
    endloop
  endfacet
  facet normal -0.336889 -0.941544 0
    outer loop
      vertex 38.4346 0.152241 0
      vertex 38.6194 0.0861187 3
      vertex 38.4346 0.152241 3
    endloop
  endfacet
  facet normal -0.336889 -0.941544 -0
    outer loop
      vertex 38.6194 0.0861187 3
      vertex 38.4346 0.152241 0
      vertex 38.6194 0.0861187 0
    endloop
  endfacet
  facet normal -0.427605 -0.903966 0
    outer loop
      vertex 38.2572 0.236157 0
      vertex 38.4346 0.152241 3
      vertex 38.2572 0.236157 3
    endloop
  endfacet
  facet normal -0.427605 -0.903966 -0
    outer loop
      vertex 38.4346 0.152241 3
      vertex 38.2572 0.236157 0
      vertex 38.4346 0.152241 0
    endloop
  endfacet
  facet normal -0.242964 -0.970035 0
    outer loop
      vertex 38.6194 0.0861187 0
      vertex 38.8098 0.0384293 3
      vertex 38.6194 0.0861187 3
    endloop
  endfacet
  facet normal -0.242964 -0.970035 -0
    outer loop
      vertex 38.8098 0.0384293 3
      vertex 38.6194 0.0861187 0
      vertex 38.8098 0.0384293 0
    endloop
  endfacet
  facet normal -0.336788 0.94158 0
    outer loop
      vertex 38.6194 25.1139 0
      vertex 38.4346 25.0478 3
      vertex 38.6194 25.1139 3
    endloop
  endfacet
  facet normal -0.336788 0.94158 0
    outer loop
      vertex 38.4346 25.0478 3
      vertex 38.6194 25.1139 0
      vertex 38.4346 25.0478 0
    endloop
  endfacet
  facet normal -0.513171 0.858286 0
    outer loop
      vertex 38.2572 24.9638 0
      vertex 38.2 24.9296 3
      vertex 38.2572 24.9638 3
    endloop
  endfacet
  facet normal -0.513171 0.858286 0
    outer loop
      vertex 38.2 24.9296 3
      vertex 38.2572 24.9638 0
      vertex 38.2 24.9296 0
    endloop
  endfacet
  facet normal 0.857673 0.514196 0
    outer loop
      vertex 46.9638 24.1428 3
      vertex 46.8629 24.3111 0
      vertex 46.8629 24.3111 3
    endloop
  endfacet
  facet normal 0.857673 0.514196 0
    outer loop
      vertex 46.8629 24.3111 0
      vertex 46.9638 24.1428 3
      vertex 46.9638 24.1428 0
    endloop
  endfacet
  facet normal 0.80335 0.595508 0
    outer loop
      vertex 46.8629 24.3111 3
      vertex 46.746 24.4688 0
      vertex 46.746 24.4688 3
    endloop
  endfacet
  facet normal 0.80335 0.595508 0
    outer loop
      vertex 46.746 24.4688 0
      vertex 46.8629 24.3111 3
      vertex 46.8629 24.3111 0
    endloop
  endfacet
  facet normal 0.970023 0.243015 0
    outer loop
      vertex 47.1616 23.5902 3
      vertex 47.1139 23.7806 0
      vertex 47.1139 23.7806 3
    endloop
  endfacet
  facet normal 0.970023 0.243015 0
    outer loop
      vertex 47.1139 23.7806 0
      vertex 47.1616 23.5902 3
      vertex 47.1616 23.5902 0
    endloop
  endfacet
  facet normal 0.989182 0.146696 0
    outer loop
      vertex 47.1904 23.396 3
      vertex 47.1616 23.5902 0
      vertex 47.1616 23.5902 3
    endloop
  endfacet
  facet normal 0.989182 0.146696 0
    outer loop
      vertex 47.1616 23.5902 0
      vertex 47.1904 23.396 3
      vertex 47.1904 23.396 0
    endloop
  endfacet
  facet normal 0.671626 -0.74089 0
    outer loop
      vertex 46.4688 0.453979 0
      vertex 46.6142 0.585786 3
      vertex 46.4688 0.453979 3
    endloop
  endfacet
  facet normal 0.671626 -0.74089 0
    outer loop
      vertex 46.6142 0.585786 3
      vertex 46.4688 0.453979 0
      vertex 46.6142 0.585786 0
    endloop
  endfacet
  facet normal 0.514207 -0.857666 0
    outer loop
      vertex 46.1428 0.236157 0
      vertex 46.3111 0.33706 3
      vertex 46.1428 0.236157 3
    endloop
  endfacet
  facet normal 0.514207 -0.857666 0
    outer loop
      vertex 46.3111 0.33706 3
      vertex 46.1428 0.236157 0
      vertex 46.3111 0.33706 0
    endloop
  endfacet
  facet normal 0.242964 -0.970035 0
    outer loop
      vertex 45.5902 0.0384293 0
      vertex 45.7806 0.0861187 3
      vertex 45.5902 0.0384293 3
    endloop
  endfacet
  facet normal 0.242964 -0.970035 0
    outer loop
      vertex 45.7806 0.0861187 3
      vertex 45.5902 0.0384293 0
      vertex 45.7806 0.0861187 0
    endloop
  endfacet
  facet normal -0.146692 -0.989182 0
    outer loop
      vertex 38.8098 0.0384293 0
      vertex 39.004 0.0096302 3
      vertex 38.8098 0.0384293 3
    endloop
  endfacet
  facet normal -0.146692 -0.989182 -0
    outer loop
      vertex 39.004 0.0096302 3
      vertex 38.8098 0.0384293 0
      vertex 39.004 0.0096302 0
    endloop
  endfacet
  facet normal 0.903819 -0.427916 0
    outer loop
      vertex 46.9638 1.05721 3
      vertex 47.0478 1.23463 0
      vertex 47.0478 1.23463 3
    endloop
  endfacet
  facet normal 0.903819 -0.427916 0
    outer loop
      vertex 47.0478 1.23463 0
      vertex 46.9638 1.05721 3
      vertex 46.9638 1.05721 0
    endloop
  endfacet
  facet normal 0.74097 -0.671538 0
    outer loop
      vertex 46.6142 0.585786 3
      vertex 46.746 0.731213 0
      vertex 46.746 0.731213 3
    endloop
  endfacet
  facet normal 0.74097 -0.671538 0
    outer loop
      vertex 46.746 0.731213 0
      vertex 46.6142 0.585786 3
      vertex 46.6142 0.585786 0
    endloop
  endfacet
  facet normal 0.427605 -0.903966 0
    outer loop
      vertex 45.9654 0.152241 0
      vertex 46.1428 0.236157 3
      vertex 45.9654 0.152241 3
    endloop
  endfacet
  facet normal 0.427605 -0.903966 0
    outer loop
      vertex 46.1428 0.236157 3
      vertex 45.9654 0.152241 0
      vertex 46.1428 0.236157 0
    endloop
  endfacet
  facet normal 0.595508 0.80335 -0
    outer loop
      vertex 38.4688 24.746 3
      vertex 38.3111 24.8629 14.4
      vertex 38.4688 24.746 14.4
    endloop
  endfacet
  facet normal 0.595508 0.80335 0
    outer loop
      vertex 38.3111 24.8629 14.4
      vertex 38.4688 24.746 3
      vertex 38.3111 24.8629 3
    endloop
  endfacet
  facet normal -0.998795 -0.049067 0
    outer loop
      vertex 0.0096302 1.80397 3
      vertex 0 2 14.4
      vertex 0 2 3
    endloop
  endfacet
  facet normal -0.998795 -0.049067 0
    outer loop
      vertex 0 2 14.4
      vertex 0.0096302 1.80397 3
      vertex 0.0096302 1.80397 14.4
    endloop
  endfacet
  facet normal 0 0 1
    outer loop
      vertex 37.6 23.6 14.4
      vertex 39.2 23.2 14.4
      vertex 39.1904 23.396 14.4
    endloop
  endfacet
  facet normal 0 0 1
    outer loop
      vertex 39.2 23.2 14.4
      vertex 37.6 23.6 14.4
      vertex 39.2 2 14.4
    endloop
  endfacet
  facet normal 0 0 1
    outer loop
      vertex 37.6 23.6 14.4
      vertex 39.1904 23.396 14.4
      vertex 39.1616 23.5902 14.4
    endloop
  endfacet
  facet normal 0 0 1
    outer loop
      vertex 37.6 1.6 14.4
      vertex 39.2 2 14.4
      vertex 37.6 23.6 14.4
    endloop
  endfacet
  facet normal -0 0 1
    outer loop
      vertex 37.6 23.6 14.4
      vertex 39.1616 23.5902 14.4
      vertex 39.1139 23.7806 14.4
    endloop
  endfacet
  facet normal 0 0 1
    outer loop
      vertex 39.2 2 14.4
      vertex 37.6 1.6 14.4
      vertex 39.1904 1.80397 14.4
    endloop
  endfacet
  facet normal 0 0 1
    outer loop
      vertex 37.6 23.6 14.4
      vertex 39.1139 23.7806 14.4
      vertex 39.0478 23.9654 14.4
    endloop
  endfacet
  facet normal 0 0 1
    outer loop
      vertex 39.1904 1.80397 14.4
      vertex 37.6 1.6 14.4
      vertex 39.1616 1.60982 14.4
    endloop
  endfacet
  facet normal 0 0 1
    outer loop
      vertex 37.6 23.6 14.4
      vertex 39.0478 23.9654 14.4
      vertex 38.9638 24.1428 14.4
    endloop
  endfacet
  facet normal 0 0 1
    outer loop
      vertex 39.1616 1.60982 14.4
      vertex 37.6 1.6 14.4
      vertex 39.1139 1.41943 14.4
    endloop
  endfacet
  facet normal 0 0 1
    outer loop
      vertex 37.6 23.6 14.4
      vertex 38.9638 24.1428 14.4
      vertex 38.8629 24.3111 14.4
    endloop
  endfacet
  facet normal 0 0 1
    outer loop
      vertex 39.1139 1.41943 14.4
      vertex 37.6 1.6 14.4
      vertex 39.0478 1.23463 14.4
    endloop
  endfacet
  facet normal 0 0 1
    outer loop
      vertex 37.6 23.6 14.4
      vertex 38.8629 24.3111 14.4
      vertex 38.746 24.4688 14.4
    endloop
  endfacet
  facet normal 0 0 1
    outer loop
      vertex 39.0478 1.23463 14.4
      vertex 37.6 1.6 14.4
      vertex 38.9638 1.05721 14.4
    endloop
  endfacet
  facet normal 0 0 1
    outer loop
      vertex 37.6 23.6 14.4
      vertex 38.746 24.4688 14.4
      vertex 38.6142 24.6142 14.4
    endloop
  endfacet
  facet normal 0 0 1
    outer loop
      vertex 38.9638 1.05721 14.4
      vertex 37.6 1.6 14.4
      vertex 38.8629 0.888859 14.4
    endloop
  endfacet
  facet normal 0 0 1
    outer loop
      vertex 37.6 23.6 14.4
      vertex 38.6142 24.6142 14.4
      vertex 38.4688 24.746 14.4
    endloop
  endfacet
  facet normal 0 0 1
    outer loop
      vertex 38.8629 0.888859 14.4
      vertex 37.6 1.6 14.4
      vertex 38.746 0.731213 14.4
    endloop
  endfacet
  facet normal 0 0 1
    outer loop
      vertex 37.6 23.6 14.4
      vertex 38.4688 24.746 14.4
      vertex 38.3111 24.8629 14.4
    endloop
  endfacet
  facet normal 0 0 1
    outer loop
      vertex 38.746 0.731213 14.4
      vertex 37.6 1.6 14.4
      vertex 38.6142 0.585786 14.4
    endloop
  endfacet
  facet normal 0 0 1
    outer loop
      vertex 37.6 23.6 14.4
      vertex 38.3111 24.8629 14.4
      vertex 38.1428 24.9638 14.4
    endloop
  endfacet
  facet normal 0 0 1
    outer loop
      vertex 38.6142 0.585786 14.4
      vertex 37.6 1.6 14.4
      vertex 38.4688 0.453979 14.4
    endloop
  endfacet
  facet normal 0 0 1
    outer loop
      vertex 37.6 23.6 14.4
      vertex 38.1428 24.9638 14.4
      vertex 37.9654 25.0478 14.4
    endloop
  endfacet
  facet normal 0 0 1
    outer loop
      vertex 38.4688 0.453979 14.4
      vertex 37.6 1.6 14.4
      vertex 38.3111 0.33706 14.4
    endloop
  endfacet
  facet normal 0 0 1
    outer loop
      vertex 37.6 23.6 14.4
      vertex 37.9654 25.0478 14.4
      vertex 37.7806 25.1139 14.4
    endloop
  endfacet
  facet normal 0 0 1
    outer loop
      vertex 38.3111 0.33706 14.4
      vertex 37.6 1.6 14.4
      vertex 38.1428 0.236157 14.4
    endloop
  endfacet
  facet normal 0 0 1
    outer loop
      vertex 38.1428 0.236157 14.4
      vertex 37.6 1.6 14.4
      vertex 37.9654 0.152241 14.4
    endloop
  endfacet
  facet normal 0 0 1
    outer loop
      vertex 37.5902 25.1616 14.4
      vertex 37.6 23.6 14.4
      vertex 37.7806 25.1139 14.4
    endloop
  endfacet
  facet normal 0 0 1
    outer loop
      vertex 37.396 25.1904 14.4
      vertex 37.6 23.6 14.4
      vertex 37.5902 25.1616 14.4
    endloop
  endfacet
  facet normal 0 0 1
    outer loop
      vertex 37.2 25.2 14.4
      vertex 37.6 23.6 14.4
      vertex 37.396 25.1904 14.4
    endloop
  endfacet
  facet normal -0 0 1
    outer loop
      vertex 2 25.2 14.4
      vertex 37.6 23.6 14.4
      vertex 37.2 25.2 14.4
    endloop
  endfacet
  facet normal 0 0 1
    outer loop
      vertex 1.6 23.6 14.4
      vertex 2 25.2 14.4
      vertex 1.80397 25.1904 14.4
    endloop
  endfacet
  facet normal 0 0 1
    outer loop
      vertex 1.6 23.6 14.4
      vertex 1.80397 25.1904 14.4
      vertex 1.60982 25.1616 14.4
    endloop
  endfacet
  facet normal 0 0 1
    outer loop
      vertex 2 25.2 14.4
      vertex 1.6 23.6 14.4
      vertex 37.6 23.6 14.4
    endloop
  endfacet
  facet normal -0 0 1
    outer loop
      vertex 1.23463 25.0478 14.4
      vertex 1.6 23.6 14.4
      vertex 1.41943 25.1139 14.4
    endloop
  endfacet
  facet normal -0 0 1
    outer loop
      vertex 1.41943 25.1139 14.4
      vertex 1.6 23.6 14.4
      vertex 1.60982 25.1616 14.4
    endloop
  endfacet
  facet normal 0 0 1
    outer loop
      vertex 37.9654 0.152241 14.4
      vertex 37.6 1.6 14.4
      vertex 37.7806 0.0861187 14.4
    endloop
  endfacet
  facet normal 0 0 1
    outer loop
      vertex 37.6 1.6 14.4
      vertex 37.5902 0.0384293 14.4
      vertex 37.7806 0.0861187 14.4
    endloop
  endfacet
  facet normal 0 0 1
    outer loop
      vertex 37.6 1.6 14.4
      vertex 37.396 0.0096302 14.4
      vertex 37.5902 0.0384293 14.4
    endloop
  endfacet
  facet normal 0 0 1
    outer loop
      vertex 37.6 1.6 14.4
      vertex 37.2 0 14.4
      vertex 37.396 0.0096302 14.4
    endloop
  endfacet
  facet normal -0 0 1
    outer loop
      vertex 23.6 1.6 14.4
      vertex 37.2 0 14.4
      vertex 37.6 1.6 14.4
    endloop
  endfacet
  facet normal 0 0 1
    outer loop
      vertex 37.2 0 14.4
      vertex 23.6 1.6 14.4
      vertex 23.6 0 14.4
    endloop
  endfacet
  facet normal 0 0 1
    outer loop
      vertex 15.6 1.6 14.4
      vertex 2 0 14.4
      vertex 15.6 0 14.4
    endloop
  endfacet
  facet normal -0 0 1
    outer loop
      vertex 1.6 1.6 14.4
      vertex 2 0 14.4
      vertex 15.6 1.6 14.4
    endloop
  endfacet
  facet normal 0 0 1
    outer loop
      vertex 2 0 14.4
      vertex 1.6 1.6 14.4
      vertex 1.80397 0.0096302 14.4
    endloop
  endfacet
  facet normal 0 0 1
    outer loop
      vertex 1.80397 0.0096302 14.4
      vertex 1.6 1.6 14.4
      vertex 1.60982 0.0384293 14.4
    endloop
  endfacet
  facet normal 0 0 1
    outer loop
      vertex 1.6 23.6 14.4
      vertex 0 23.2 14.4
      vertex 1.6 1.6 14.4
    endloop
  endfacet
  facet normal -0 0 1
    outer loop
      vertex 0 2 14.4
      vertex 1.6 1.6 14.4
      vertex 0 23.2 14.4
    endloop
  endfacet
  facet normal -0 0 1
    outer loop
      vertex 1.05721 24.9638 14.4
      vertex 1.6 23.6 14.4
      vertex 1.23463 25.0478 14.4
    endloop
  endfacet
  facet normal -0 -0 1
    outer loop
      vertex 0.0096302 1.80397 14.4
      vertex 1.6 1.6 14.4
      vertex 0 2 14.4
    endloop
  endfacet
  facet normal -0 0 1
    outer loop
      vertex 0.888859 24.8629 14.4
      vertex 1.6 23.6 14.4
      vertex 1.05721 24.9638 14.4
    endloop
  endfacet
  facet normal 0 0 1
    outer loop
      vertex 1.6 1.6 14.4
      vertex 1.41943 0.0861187 14.4
      vertex 1.60982 0.0384293 14.4
    endloop
  endfacet
  facet normal -0 0 1
    outer loop
      vertex 0.731213 24.746 14.4
      vertex 1.6 23.6 14.4
      vertex 0.888859 24.8629 14.4
    endloop
  endfacet
  facet normal 0 0 1
    outer loop
      vertex 1.6 1.6 14.4
      vertex 1.23463 0.152241 14.4
      vertex 1.41943 0.0861187 14.4
    endloop
  endfacet
  facet normal -0 0 1
    outer loop
      vertex 0.585786 24.6142 14.4
      vertex 1.6 23.6 14.4
      vertex 0.731213 24.746 14.4
    endloop
  endfacet
  facet normal 0 0 1
    outer loop
      vertex 1.6 1.6 14.4
      vertex 1.05721 0.236157 14.4
      vertex 1.23463 0.152241 14.4
    endloop
  endfacet
  facet normal -0 0 1
    outer loop
      vertex 0.453979 24.4688 14.4
      vertex 1.6 23.6 14.4
      vertex 0.585786 24.6142 14.4
    endloop
  endfacet
  facet normal 0 0 1
    outer loop
      vertex 1.6 1.6 14.4
      vertex 0.888859 0.33706 14.4
      vertex 1.05721 0.236157 14.4
    endloop
  endfacet
  facet normal -0 0 1
    outer loop
      vertex 0.33706 24.3111 14.4
      vertex 1.6 23.6 14.4
      vertex 0.453979 24.4688 14.4
    endloop
  endfacet
  facet normal 0 0 1
    outer loop
      vertex 1.6 1.6 14.4
      vertex 0.731213 0.453979 14.4
      vertex 0.888859 0.33706 14.4
    endloop
  endfacet
  facet normal -0 0 1
    outer loop
      vertex 0.236157 24.1428 14.4
      vertex 1.6 23.6 14.4
      vertex 0.33706 24.3111 14.4
    endloop
  endfacet
  facet normal 0 0 1
    outer loop
      vertex 1.6 1.6 14.4
      vertex 0.585786 0.585786 14.4
      vertex 0.731213 0.453979 14.4
    endloop
  endfacet
  facet normal -0 0 1
    outer loop
      vertex 0.152241 23.9654 14.4
      vertex 1.6 23.6 14.4
      vertex 0.236157 24.1428 14.4
    endloop
  endfacet
  facet normal 0 0 1
    outer loop
      vertex 1.6 1.6 14.4
      vertex 0.453979 0.731213 14.4
      vertex 0.585786 0.585786 14.4
    endloop
  endfacet
  facet normal -0 0 1
    outer loop
      vertex 0.0861187 23.7806 14.4
      vertex 1.6 23.6 14.4
      vertex 0.152241 23.9654 14.4
    endloop
  endfacet
  facet normal 0 0 1
    outer loop
      vertex 1.6 1.6 14.4
      vertex 0.33706 0.888859 14.4
      vertex 0.453979 0.731213 14.4
    endloop
  endfacet
  facet normal 0 0 1
    outer loop
      vertex 0.0384293 23.5902 14.4
      vertex 1.6 23.6 14.4
      vertex 0.0861187 23.7806 14.4
    endloop
  endfacet
  facet normal 0 0 1
    outer loop
      vertex 1.6 1.6 14.4
      vertex 0.236157 1.05721 14.4
      vertex 0.33706 0.888859 14.4
    endloop
  endfacet
  facet normal 0 0 1
    outer loop
      vertex 0.0096302 23.396 14.4
      vertex 1.6 23.6 14.4
      vertex 0.0384293 23.5902 14.4
    endloop
  endfacet
  facet normal 0 0 1
    outer loop
      vertex 1.6 1.6 14.4
      vertex 0.152241 1.23463 14.4
      vertex 0.236157 1.05721 14.4
    endloop
  endfacet
  facet normal 0 0 1
    outer loop
      vertex 1.6 23.6 14.4
      vertex 0.0096302 23.396 14.4
      vertex 0 23.2 14.4
    endloop
  endfacet
  facet normal 0 0 1
    outer loop
      vertex 1.6 1.6 14.4
      vertex 0.0861187 1.41943 14.4
      vertex 0.152241 1.23463 14.4
    endloop
  endfacet
  facet normal 0 0 1
    outer loop
      vertex 1.6 1.6 14.4
      vertex 0.0384293 1.60982 14.4
      vertex 0.0861187 1.41943 14.4
    endloop
  endfacet
  facet normal 0 0 1
    outer loop
      vertex 1.6 1.6 14.4
      vertex 0.0096302 1.80397 14.4
      vertex 0.0384293 1.60982 14.4
    endloop
  endfacet
  facet normal 0.989182 0.146696 0
    outer loop
      vertex 39.1904 23.396 14.4
      vertex 39.1616 23.5902 3
      vertex 39.1616 23.5902 14.4
    endloop
  endfacet
  facet normal 0.989182 0.146696 0
    outer loop
      vertex 39.1616 23.5902 3
      vertex 39.1904 23.396 14.4
      vertex 39.1904 23.396 3
    endloop
  endfacet
  facet normal 0.998803 -0.0489135 0
    outer loop
      vertex 39.1904 1.80397 14.4
      vertex 39.2 2 3
      vertex 39.2 2 14.4
    endloop
  endfacet
  facet normal 0.998803 -0.0489135 0
    outer loop
      vertex 39.2 2 3
      vertex 39.1904 1.80397 14.4
      vertex 39.1904 1.80397 3
    endloop
  endfacet
  facet normal 0 -1 0
    outer loop
      vertex 2 0 14.4
      vertex 15.6 0 13.4
      vertex 15.6 0 14.4
    endloop
  endfacet
  facet normal 0 -1 -0
    outer loop
      vertex 15.6 0 13.4
      vertex 2 0 0
      vertex 23.6 0 13.4
    endloop
  endfacet
  facet normal 0 -1 0
    outer loop
      vertex 2 0 0
      vertex 15.6 0 13.4
      vertex 2 0 14.4
    endloop
  endfacet
  facet normal 0 -1 0
    outer loop
      vertex 23.6 0 13.4
      vertex 37.2 0 14.4
      vertex 23.6 0 14.4
    endloop
  endfacet
  facet normal 0 -1 0
    outer loop
      vertex 37.2 0 0
      vertex 23.6 0 13.4
      vertex 2 0 0
    endloop
  endfacet
  facet normal 0 -1 0
    outer loop
      vertex 23.6 0 13.4
      vertex 37.2 0 0
      vertex 37.2 0 14.4
    endloop
  endfacet
  facet normal 0.0490745 -0.998795 0
    outer loop
      vertex 37.2 0 0
      vertex 37.396 0.0096302 14.4
      vertex 37.2 0 14.4
    endloop
  endfacet
  facet normal 0.0490745 -0.998795 0
    outer loop
      vertex 37.396 0.0096302 14.4
      vertex 37.2 0 0
      vertex 37.396 0.0096302 0
    endloop
  endfacet
  facet normal 0 1 -0
    outer loop
      vertex 37.2 25.2 0
      vertex 2 25.2 14.4
      vertex 37.2 25.2 14.4
    endloop
  endfacet
  facet normal 0 1 0
    outer loop
      vertex 2 25.2 14.4
      vertex 37.2 25.2 0
      vertex 2 25.2 0
    endloop
  endfacet
  facet normal -1 0 0
    outer loop
      vertex 0 23.2 3
      vertex 0 19.1 7.25
      vertex 0 23.2 14.4
    endloop
  endfacet
  facet normal -1 0 0
    outer loop
      vertex 0 23.2 3
      vertex 0 19.0904 7.05397
      vertex 0 19.1 7.25
    endloop
  endfacet
  facet normal -1 0 0
    outer loop
      vertex 0 23.2 3
      vertex 0 19.0616 6.85982
      vertex 0 19.0904 7.05397
    endloop
  endfacet
  facet normal -1 0 0
    outer loop
      vertex 0 23.2 3
      vertex 0 19.0139 6.66943
      vertex 0 19.0616 6.85982
    endloop
  endfacet
  facet normal -1 0 0
    outer loop
      vertex 0 23.2 3
      vertex 0 18.9478 6.48463
      vertex 0 19.0139 6.66943
    endloop
  endfacet
  facet normal -1 0 0
    outer loop
      vertex 0 23.2 3
      vertex 0 18.8638 6.30721
      vertex 0 18.9478 6.48463
    endloop
  endfacet
  facet normal -1 0 0
    outer loop
      vertex 0 23.2 3
      vertex 0 18.7629 6.13885
      vertex 0 18.8638 6.30721
    endloop
  endfacet
  facet normal -1 0 0
    outer loop
      vertex 0 23.2 3
      vertex 0 18.646 5.98122
      vertex 0 18.7629 6.13885
    endloop
  endfacet
  facet normal -1 0 0
    outer loop
      vertex 0 23.2 3
      vertex 0 18.5142 5.83578
      vertex 0 18.646 5.98122
    endloop
  endfacet
  facet normal -1 0 0
    outer loop
      vertex 0 23.2 3
      vertex 0 18.3688 5.70398
      vertex 0 18.5142 5.83578
    endloop
  endfacet
  facet normal -1 0 0
    outer loop
      vertex 0 23.2 3
      vertex 0 18.2111 5.58707
      vertex 0 18.3688 5.70398
    endloop
  endfacet
  facet normal -1 0 0
    outer loop
      vertex 0 23.2 3
      vertex 0 18.0428 5.48616
      vertex 0 18.2111 5.58707
    endloop
  endfacet
  facet normal -1 0 0
    outer loop
      vertex 0 23.2 3
      vertex 0 17.8654 5.40224
      vertex 0 18.0428 5.48616
    endloop
  endfacet
  facet normal -1 0 0
    outer loop
      vertex 0 23.2 3
      vertex 0 17.6806 5.33612
      vertex 0 17.8654 5.40224
    endloop
  endfacet
  facet normal -1 0 0
    outer loop
      vertex 0 23.2 3
      vertex 0 17.4902 5.28844
      vertex 0 17.6806 5.33612
    endloop
  endfacet
  facet normal -1 0 0
    outer loop
      vertex 0 23.2 3
      vertex 0 17.296 5.25963
      vertex 0 17.4902 5.28844
    endloop
  endfacet
  facet normal -1 0 0
    outer loop
      vertex 0 23.2 3
      vertex 0 17.1 5.25
      vertex 0 17.296 5.25963
    endloop
  endfacet
  facet normal -1 0 0
    outer loop
      vertex 0 23.2 3
      vertex 0 8.1 5.25
      vertex 0 17.1 5.25
    endloop
  endfacet
  facet normal -1 0 0
    outer loop
      vertex 0 2 3
      vertex 0 8.1 5.25
      vertex 0 23.2 3
    endloop
  endfacet
  facet normal -1 0 0
    outer loop
      vertex 0 2 14.4
      vertex 0 6.1 7.25
      vertex 0 2 3
    endloop
  endfacet
  facet normal -1 -0 0
    outer loop
      vertex 0 6.10963 7.05397
      vertex 0 2 3
      vertex 0 6.1 7.25
    endloop
  endfacet
  facet normal -1 -0 0
    outer loop
      vertex 0 6.13844 6.85982
      vertex 0 2 3
      vertex 0 6.10963 7.05397
    endloop
  endfacet
  facet normal -1 -0 0
    outer loop
      vertex 0 6.18612 6.66943
      vertex 0 2 3
      vertex 0 6.13844 6.85982
    endloop
  endfacet
  facet normal -1 -0 0
    outer loop
      vertex 0 6.25224 6.48463
      vertex 0 2 3
      vertex 0 6.18612 6.66943
    endloop
  endfacet
  facet normal -1 -0 0
    outer loop
      vertex 0 6.33616 6.30721
      vertex 0 2 3
      vertex 0 6.25224 6.48463
    endloop
  endfacet
  facet normal -1 -0 0
    outer loop
      vertex 0 6.43707 6.13885
      vertex 0 2 3
      vertex 0 6.33616 6.30721
    endloop
  endfacet
  facet normal -1 -0 0
    outer loop
      vertex 0 6.55398 5.98122
      vertex 0 2 3
      vertex 0 6.43707 6.13885
    endloop
  endfacet
  facet normal -1 -0 0
    outer loop
      vertex 0 6.68578 5.83578
      vertex 0 2 3
      vertex 0 6.55398 5.98122
    endloop
  endfacet
  facet normal -1 -0 0
    outer loop
      vertex 0 6.83122 5.70398
      vertex 0 2 3
      vertex 0 6.68578 5.83578
    endloop
  endfacet
  facet normal -1 -0 0
    outer loop
      vertex 0 6.98885 5.58707
      vertex 0 2 3
      vertex 0 6.83122 5.70398
    endloop
  endfacet
  facet normal -1 -0 0
    outer loop
      vertex 0 7.15721 5.48616
      vertex 0 2 3
      vertex 0 6.98885 5.58707
    endloop
  endfacet
  facet normal -1 -0 0
    outer loop
      vertex 0 7.33463 5.40224
      vertex 0 2 3
      vertex 0 7.15721 5.48616
    endloop
  endfacet
  facet normal -1 -0 0
    outer loop
      vertex 0 7.51943 5.33612
      vertex 0 2 3
      vertex 0 7.33463 5.40224
    endloop
  endfacet
  facet normal -1 -0 0
    outer loop
      vertex 0 7.70982 5.28844
      vertex 0 2 3
      vertex 0 7.51943 5.33612
    endloop
  endfacet
  facet normal -1 -0 0
    outer loop
      vertex 0 7.90397 5.25963
      vertex 0 2 3
      vertex 0 7.70982 5.28844
    endloop
  endfacet
  facet normal -1 -0 0
    outer loop
      vertex 0 8.1 5.25
      vertex 0 2 3
      vertex 0 7.90397 5.25963
    endloop
  endfacet
  facet normal -1 0 0
    outer loop
      vertex 0 19.1 10.75
      vertex 0 23.2 14.4
      vertex 0 19.1 7.25
    endloop
  endfacet
  facet normal -1 0 0
    outer loop
      vertex 0 19.0904 10.946
      vertex 0 23.2 14.4
      vertex 0 19.1 10.75
    endloop
  endfacet
  facet normal -1 0 0
    outer loop
      vertex 0 19.0616 11.1402
      vertex 0 23.2 14.4
      vertex 0 19.0904 10.946
    endloop
  endfacet
  facet normal -1 0 0
    outer loop
      vertex 0 19.0139 11.3306
      vertex 0 23.2 14.4
      vertex 0 19.0616 11.1402
    endloop
  endfacet
  facet normal -1 0 0
    outer loop
      vertex 0 18.9478 11.5154
      vertex 0 23.2 14.4
      vertex 0 19.0139 11.3306
    endloop
  endfacet
  facet normal -1 0 0
    outer loop
      vertex 0 18.8638 11.6928
      vertex 0 23.2 14.4
      vertex 0 18.9478 11.5154
    endloop
  endfacet
  facet normal -1 0 0
    outer loop
      vertex 0 18.7629 11.8611
      vertex 0 23.2 14.4
      vertex 0 18.8638 11.6928
    endloop
  endfacet
  facet normal -1 0 0
    outer loop
      vertex 0 18.646 12.0188
      vertex 0 23.2 14.4
      vertex 0 18.7629 11.8611
    endloop
  endfacet
  facet normal -1 0 0
    outer loop
      vertex 0 18.5142 12.1642
      vertex 0 23.2 14.4
      vertex 0 18.646 12.0188
    endloop
  endfacet
  facet normal -1 0 0
    outer loop
      vertex 0 18.3688 12.296
      vertex 0 23.2 14.4
      vertex 0 18.5142 12.1642
    endloop
  endfacet
  facet normal -1 0 0
    outer loop
      vertex 0 18.2111 12.4129
      vertex 0 23.2 14.4
      vertex 0 18.3688 12.296
    endloop
  endfacet
  facet normal -1 0 0
    outer loop
      vertex 0 18.0428 12.5138
      vertex 0 23.2 14.4
      vertex 0 18.2111 12.4129
    endloop
  endfacet
  facet normal -1 0 0
    outer loop
      vertex 0 17.8654 12.5978
      vertex 0 23.2 14.4
      vertex 0 18.0428 12.5138
    endloop
  endfacet
  facet normal -1 0 0
    outer loop
      vertex 0 17.6806 12.6639
      vertex 0 23.2 14.4
      vertex 0 17.8654 12.5978
    endloop
  endfacet
  facet normal -1 0 0
    outer loop
      vertex 0 17.4902 12.7116
      vertex 0 23.2 14.4
      vertex 0 17.6806 12.6639
    endloop
  endfacet
  facet normal -1 0 0
    outer loop
      vertex 0 17.296 12.7404
      vertex 0 23.2 14.4
      vertex 0 17.4902 12.7116
    endloop
  endfacet
  facet normal -1 0 0
    outer loop
      vertex 0 17.1 12.75
      vertex 0 23.2 14.4
      vertex 0 17.296 12.7404
    endloop
  endfacet
  facet normal -1 0 0
    outer loop
      vertex 0 8.1 12.75
      vertex 0 23.2 14.4
      vertex 0 17.1 12.75
    endloop
  endfacet
  facet normal -1 0 0
    outer loop
      vertex 0 2 14.4
      vertex 0 8.1 12.75
      vertex 0 7.90397 12.7404
    endloop
  endfacet
  facet normal -1 0 0
    outer loop
      vertex 0 6.1 7.25
      vertex 0 2 14.4
      vertex 0 6.1 10.75
    endloop
  endfacet
  facet normal -1 0 0
    outer loop
      vertex 0 6.1 10.75
      vertex 0 2 14.4
      vertex 0 6.10963 10.946
    endloop
  endfacet
  facet normal -1 0 0
    outer loop
      vertex 0 6.10963 10.946
      vertex 0 2 14.4
      vertex 0 6.13844 11.1402
    endloop
  endfacet
  facet normal -1 0 0
    outer loop
      vertex 0 6.13844 11.1402
      vertex 0 2 14.4
      vertex 0 6.18612 11.3306
    endloop
  endfacet
  facet normal -1 0 0
    outer loop
      vertex 0 6.18612 11.3306
      vertex 0 2 14.4
      vertex 0 6.25224 11.5154
    endloop
  endfacet
  facet normal -1 0 0
    outer loop
      vertex 0 8.1 12.75
      vertex 0 2 14.4
      vertex 0 23.2 14.4
    endloop
  endfacet
  facet normal -1 0 0
    outer loop
      vertex 0 7.70982 12.7116
      vertex 0 2 14.4
      vertex 0 7.90397 12.7404
    endloop
  endfacet
  facet normal -1 0 0
    outer loop
      vertex 0 7.51943 12.6639
      vertex 0 2 14.4
      vertex 0 7.70982 12.7116
    endloop
  endfacet
  facet normal -1 0 0
    outer loop
      vertex 0 7.33463 12.5978
      vertex 0 2 14.4
      vertex 0 7.51943 12.6639
    endloop
  endfacet
  facet normal -1 0 0
    outer loop
      vertex 0 7.15721 12.5138
      vertex 0 2 14.4
      vertex 0 7.33463 12.5978
    endloop
  endfacet
  facet normal -1 0 0
    outer loop
      vertex 0 6.98885 12.4129
      vertex 0 2 14.4
      vertex 0 7.15721 12.5138
    endloop
  endfacet
  facet normal -1 0 0
    outer loop
      vertex 0 6.83122 12.296
      vertex 0 2 14.4
      vertex 0 6.98885 12.4129
    endloop
  endfacet
  facet normal -1 0 0
    outer loop
      vertex 0 6.68578 12.1642
      vertex 0 2 14.4
      vertex 0 6.83122 12.296
    endloop
  endfacet
  facet normal -1 0 0
    outer loop
      vertex 0 6.55398 12.0188
      vertex 0 2 14.4
      vertex 0 6.68578 12.1642
    endloop
  endfacet
  facet normal -1 0 0
    outer loop
      vertex 0 6.43707 11.8611
      vertex 0 2 14.4
      vertex 0 6.55398 12.0188
    endloop
  endfacet
  facet normal -1 0 0
    outer loop
      vertex 0 6.33616 11.6928
      vertex 0 2 14.4
      vertex 0 6.43707 11.8611
    endloop
  endfacet
  facet normal -1 0 0
    outer loop
      vertex 0 6.25224 11.5154
      vertex 0 2 14.4
      vertex 0 6.33616 11.6928
    endloop
  endfacet
  facet normal -0.998795 0.0490745 0
    outer loop
      vertex 0 23.2 3
      vertex 0.0096302 23.396 14.4
      vertex 0.0096302 23.396 3
    endloop
  endfacet
  facet normal -0.998795 0.0490745 0
    outer loop
      vertex 0.0096302 23.396 14.4
      vertex 0 23.2 3
      vertex 0 23.2 14.4
    endloop
  endfacet
  facet normal 0.9038 0.427955 0
    outer loop
      vertex 39.0478 23.9654 14.4
      vertex 38.9638 24.1428 3
      vertex 38.9638 24.1428 14.4
    endloop
  endfacet
  facet normal 0.9038 0.427955 0
    outer loop
      vertex 38.9638 24.1428 3
      vertex 39.0478 23.9654 14.4
      vertex 39.0478 23.9654 3
    endloop
  endfacet
  facet normal -0.595702 -0.803206 0
    outer loop
      vertex 0.731213 0.453979 3
      vertex 0.888859 0.33706 14.4
      vertex 0.731213 0.453979 14.4
    endloop
  endfacet
  facet normal -0.595702 -0.803206 -0
    outer loop
      vertex 0.888859 0.33706 14.4
      vertex 0.731213 0.453979 3
      vertex 0.888859 0.33706 3
    endloop
  endfacet
  facet normal -0.803303 0.59557 0
    outer loop
      vertex 0.33706 24.3111 3
      vertex 0.453979 24.4688 14.4
      vertex 0.453979 24.4688 3
    endloop
  endfacet
  facet normal -0.803303 0.59557 0
    outer loop
      vertex 0.453979 24.4688 14.4
      vertex 0.33706 24.3111 3
      vertex 0.33706 24.3111 14.4
    endloop
  endfacet
  facet normal 0.998803 0.0489209 0
    outer loop
      vertex 39.2 23.2 14.4
      vertex 39.1904 23.396 3
      vertex 39.1904 23.396 14.4
    endloop
  endfacet
  facet normal 0.998803 0.0489209 0
    outer loop
      vertex 39.1904 23.396 3
      vertex 39.2 23.2 14.4
      vertex 39.2 23.2 3
    endloop
  endfacet
  facet normal 1 -0 0
    outer loop
      vertex 39.2 2 14.4
      vertex 39.2 23.2 3
      vertex 39.2 23.2 14.4
    endloop
  endfacet
  facet normal 1 0 0
    outer loop
      vertex 39.2 23.2 3
      vertex 39.2 2 14.4
      vertex 39.2 2 3
    endloop
  endfacet
  facet normal 0.59557 -0.803303 0
    outer loop
      vertex 38.3111 0.33706 3
      vertex 38.4688 0.453979 14.4
      vertex 38.3111 0.33706 14.4
    endloop
  endfacet
  facet normal 0.59557 -0.803303 0
    outer loop
      vertex 38.4688 0.453979 14.4
      vertex 38.3111 0.33706 3
      vertex 38.4688 0.453979 3
    endloop
  endfacet
  facet normal -0.049067 -0.998795 0
    outer loop
      vertex 1.80397 0.0096302 0
      vertex 2 0 14.4
      vertex 1.80397 0.0096302 14.4
    endloop
  endfacet
  facet normal -0.049067 -0.998795 -0
    outer loop
      vertex 2 0 14.4
      vertex 1.80397 0.0096302 0
      vertex 2 0 0
    endloop
  endfacet
  facet normal -0.857735 -0.514093 0
    outer loop
      vertex 0.33706 0.888859 3
      vertex 0.236157 1.05721 14.4
      vertex 0.236157 1.05721 3
    endloop
  endfacet
  facet normal -0.857735 -0.514093 0
    outer loop
      vertex 0.236157 1.05721 14.4
      vertex 0.33706 0.888859 3
      vertex 0.33706 0.888859 14.4
    endloop
  endfacet
  facet normal -0.740952 -0.671558 0
    outer loop
      vertex 0.585786 0.585786 3
      vertex 0.453979 0.731213 14.4
      vertex 0.453979 0.731213 3
    endloop
  endfacet
  facet normal -0.740952 -0.671558 0
    outer loop
      vertex 0.453979 0.731213 14.4
      vertex 0.585786 0.585786 3
      vertex 0.585786 0.585786 14.4
    endloop
  endfacet
  facet normal -0.427916 0.903819 0
    outer loop
      vertex 1.23463 25.0478 0
      vertex 1.05721 24.9638 14.4
      vertex 1.23463 25.0478 14.4
    endloop
  endfacet
  facet normal -0.427916 0.903819 0
    outer loop
      vertex 1.05721 24.9638 14.4
      vertex 1.23463 25.0478 0
      vertex 1.05721 24.9638 0
    endloop
  endfacet
  facet normal 0.0489209 0.998803 -0
    outer loop
      vertex 37.396 25.1904 0
      vertex 37.2 25.2 14.4
      vertex 37.396 25.1904 14.4
    endloop
  endfacet
  facet normal 0.0489209 0.998803 0
    outer loop
      vertex 37.2 25.2 14.4
      vertex 37.396 25.1904 0
      vertex 37.2 25.2 0
    endloop
  endfacet
  facet normal -0.941544 0.336889 0
    outer loop
      vertex 0.0861187 23.7806 3
      vertex 0.152241 23.9654 14.4
      vertex 0.152241 23.9654 3
    endloop
  endfacet
  facet normal -0.941544 0.336889 0
    outer loop
      vertex 0.152241 23.9654 14.4
      vertex 0.0861187 23.7806 3
      vertex 0.0861187 23.7806 14.4
    endloop
  endfacet
  facet normal -0.595639 0.803252 0
    outer loop
      vertex 0.888859 24.8629 3
      vertex 0.731213 24.746 14.4
      vertex 0.888859 24.8629 14.4
    endloop
  endfacet
  facet normal -0.595639 0.803252 0
    outer loop
      vertex 0.731213 24.746 14.4
      vertex 0.888859 24.8629 3
      vertex 0.731213 24.746 3
    endloop
  endfacet
  facet normal -0.514081 0.857741 6.65241e-06
    outer loop
      vertex 1.05721 24.9638 14.4
      vertex 1 24.9296 3
      vertex 0.888859 24.8629 14.4
    endloop
  endfacet
  facet normal -0.513105 0.858326 0
    outer loop
      vertex 1.05721 24.9638 0
      vertex 1 24.9296 3
      vertex 1.05721 24.9638 14.4
    endloop
  endfacet
  facet normal -0.513105 0.858326 0
    outer loop
      vertex 1 24.9296 3
      vertex 1.05721 24.9638 0
      vertex 1 24.9296 0
    endloop
  endfacet
  facet normal -0.514583 0.857441 0
    outer loop
      vertex 0.888859 24.8629 14.4
      vertex 1 24.9296 3
      vertex 0.888859 24.8629 3
    endloop
  endfacet
  facet normal 0.671607 0.740908 -0
    outer loop
      vertex 38.6142 24.6142 3
      vertex 38.4688 24.746 14.4
      vertex 38.6142 24.6142 14.4
    endloop
  endfacet
  facet normal 0.671607 0.740908 0
    outer loop
      vertex 38.4688 24.746 14.4
      vertex 38.6142 24.6142 3
      vertex 38.4688 24.746 3
    endloop
  endfacet
  facet normal 0.857741 -0.514081 0
    outer loop
      vertex 38.8629 0.888859 14.4
      vertex 38.9638 1.05721 3
      vertex 38.9638 1.05721 14.4
    endloop
  endfacet
  facet normal 0.857741 -0.514081 0
    outer loop
      vertex 38.9638 1.05721 3
      vertex 38.8629 0.888859 14.4
      vertex 38.8629 0.888859 3
    endloop
  endfacet
  facet normal 0.336889 -0.941544 0
    outer loop
      vertex 37.7806 0.0861187 0
      vertex 37.9654 0.152241 14.4
      vertex 37.7806 0.0861187 14.4
    endloop
  endfacet
  facet normal 0.336889 -0.941544 0
    outer loop
      vertex 37.9654 0.152241 14.4
      vertex 37.7806 0.0861187 0
      vertex 37.9654 0.152241 0
    endloop
  endfacet
  facet normal 0.427605 -0.903966 0
    outer loop
      vertex 37.9654 0.152241 0
      vertex 38.1428 0.236157 14.4
      vertex 37.9654 0.152241 14.4
    endloop
  endfacet
  facet normal 0.427605 -0.903966 0
    outer loop
      vertex 38.1428 0.236157 14.4
      vertex 37.9654 0.152241 0
      vertex 38.1428 0.236157 0
    endloop
  endfacet
  facet normal 0.671626 -0.74089 0
    outer loop
      vertex 38.4688 0.453979 3
      vertex 38.6142 0.585786 14.4
      vertex 38.4688 0.453979 14.4
    endloop
  endfacet
  facet normal 0.671626 -0.74089 0
    outer loop
      vertex 38.6142 0.585786 14.4
      vertex 38.4688 0.453979 3
      vertex 38.6142 0.585786 3
    endloop
  endfacet
  facet normal -0.427566 -0.903984 0
    outer loop
      vertex 1.05721 0.236157 0
      vertex 1.23463 0.152241 14.4
      vertex 1.05721 0.236157 14.4
    endloop
  endfacet
  facet normal -0.427566 -0.903984 -0
    outer loop
      vertex 1.23463 0.152241 14.4
      vertex 1.05721 0.236157 0
      vertex 1.23463 0.152241 0
    endloop
  endfacet
  facet normal -0.336889 -0.941544 0
    outer loop
      vertex 1.23463 0.152241 0
      vertex 1.41943 0.0861187 14.4
      vertex 1.23463 0.152241 14.4
    endloop
  endfacet
  facet normal -0.336889 -0.941544 -0
    outer loop
      vertex 1.41943 0.0861187 14.4
      vertex 1.23463 0.152241 0
      vertex 1.41943 0.0861187 0
    endloop
  endfacet
  facet normal -0.671558 -0.740952 0
    outer loop
      vertex 0.585786 0.585786 3
      vertex 0.731213 0.453979 14.4
      vertex 0.585786 0.585786 14.4
    endloop
  endfacet
  facet normal -0.671558 -0.740952 -0
    outer loop
      vertex 0.731213 0.453979 14.4
      vertex 0.585786 0.585786 3
      vertex 0.731213 0.453979 3
    endloop
  endfacet
  facet normal -0.941544 -0.336889 0
    outer loop
      vertex 0.152241 1.23463 3
      vertex 0.0861187 1.41943 14.4
      vertex 0.0861187 1.41943 3
    endloop
  endfacet
  facet normal -0.941544 -0.336889 0
    outer loop
      vertex 0.0861187 1.41943 14.4
      vertex 0.152241 1.23463 3
      vertex 0.152241 1.23463 14.4
    endloop
  endfacet
  facet normal -0.903984 -0.427566 0
    outer loop
      vertex 0.236157 1.05721 3
      vertex 0.152241 1.23463 14.4
      vertex 0.152241 1.23463 3
    endloop
  endfacet
  facet normal -0.903984 -0.427566 0
    outer loop
      vertex 0.152241 1.23463 14.4
      vertex 0.236157 1.05721 3
      vertex 0.236157 1.05721 14.4
    endloop
  endfacet
  facet normal -0.243027 0.970019 0
    outer loop
      vertex 1.60982 25.1616 0
      vertex 1.41943 25.1139 14.4
      vertex 1.60982 25.1616 14.4
    endloop
  endfacet
  facet normal -0.243027 0.970019 0
    outer loop
      vertex 1.41943 25.1139 14.4
      vertex 1.60982 25.1616 0
      vertex 1.41943 25.1139 0
    endloop
  endfacet
  facet normal 0.514196 0.857673 -0
    outer loop
      vertex 38.3111 24.8629 3
      vertex 38.1428 24.9638 14.4
      vertex 38.3111 24.8629 14.4
    endloop
  endfacet
  facet normal 0.514723 0.857357 1.05736e-05
    outer loop
      vertex 38.2 24.9296 3
      vertex 38.1428 24.9638 14.4
      vertex 38.3111 24.8629 3
    endloop
  endfacet
  facet normal 0.513171 0.858286 0
    outer loop
      vertex 38.1428 24.9638 0
      vertex 38.2 24.9296 3
      vertex 38.2 24.9296 0
    endloop
  endfacet
  facet normal 0.513171 0.858286 0
    outer loop
      vertex 38.2 24.9296 3
      vertex 38.1428 24.9638 0
      vertex 38.1428 24.9638 14.4
    endloop
  endfacet
  facet normal 0.336788 0.94158 -0
    outer loop
      vertex 37.9654 25.0478 0
      vertex 37.7806 25.1139 14.4
      vertex 37.9654 25.0478 14.4
    endloop
  endfacet
  facet normal 0.336788 0.94158 0
    outer loop
      vertex 37.7806 25.1139 14.4
      vertex 37.9654 25.0478 0
      vertex 37.7806 25.1139 0
    endloop
  endfacet
  facet normal -0.0489135 0.998803 0
    outer loop
      vertex 2 25.2 0
      vertex 1.80397 25.1904 14.4
      vertex 2 25.2 14.4
    endloop
  endfacet
  facet normal -0.0489135 0.998803 0
    outer loop
      vertex 1.80397 25.1904 14.4
      vertex 2 25.2 0
      vertex 1.80397 25.1904 0
    endloop
  endfacet
  facet normal -0.989182 0.146692 0
    outer loop
      vertex 0.0096302 23.396 3
      vertex 0.0384293 23.5902 14.4
      vertex 0.0384293 23.5902 3
    endloop
  endfacet
  facet normal -0.989182 0.146692 0
    outer loop
      vertex 0.0384293 23.5902 14.4
      vertex 0.0096302 23.396 3
      vertex 0.0096302 23.396 14.4
    endloop
  endfacet
  facet normal -0.970035 0.242964 0
    outer loop
      vertex 0.0384293 23.5902 3
      vertex 0.0861187 23.7806 14.4
      vertex 0.0861187 23.7806 3
    endloop
  endfacet
  facet normal -0.970035 0.242964 0
    outer loop
      vertex 0.0861187 23.7806 14.4
      vertex 0.0384293 23.5902 3
      vertex 0.0384293 23.5902 14.4
    endloop
  endfacet
  facet normal -0.903966 0.427605 0
    outer loop
      vertex 0.152241 23.9654 3
      vertex 0.236157 24.1428 14.4
      vertex 0.236157 24.1428 3
    endloop
  endfacet
  facet normal -0.903966 0.427605 0
    outer loop
      vertex 0.236157 24.1428 14.4
      vertex 0.152241 23.9654 3
      vertex 0.152241 23.9654 14.4
    endloop
  endfacet
  facet normal -0.857666 0.514207 0
    outer loop
      vertex 0.236157 24.1428 3
      vertex 0.33706 24.3111 14.4
      vertex 0.33706 24.3111 3
    endloop
  endfacet
  facet normal -0.857666 0.514207 0
    outer loop
      vertex 0.33706 24.3111 14.4
      vertex 0.236157 24.1428 3
      vertex 0.236157 24.1428 14.4
    endloop
  endfacet
  facet normal -0.74089 0.671626 0
    outer loop
      vertex 0.453979 24.4688 3
      vertex 0.585786 24.6142 14.4
      vertex 0.585786 24.6142 3
    endloop
  endfacet
  facet normal -0.74089 0.671626 0
    outer loop
      vertex 0.585786 24.6142 14.4
      vertex 0.453979 24.4688 3
      vertex 0.453979 24.4688 14.4
    endloop
  endfacet
  facet normal -0.671538 0.74097 0
    outer loop
      vertex 0.731213 24.746 3
      vertex 0.585786 24.6142 14.4
      vertex 0.731213 24.746 14.4
    endloop
  endfacet
  facet normal -0.671538 0.74097 0
    outer loop
      vertex 0.585786 24.6142 14.4
      vertex 0.731213 24.746 3
      vertex 0.585786 24.6142 3
    endloop
  endfacet
  facet normal 0.80335 0.595508 0
    outer loop
      vertex 38.8629 24.3111 14.4
      vertex 38.746 24.4688 3
      vertex 38.746 24.4688 14.4
    endloop
  endfacet
  facet normal 0.80335 0.595508 0
    outer loop
      vertex 38.746 24.4688 3
      vertex 38.8629 24.3111 14.4
      vertex 38.8629 24.3111 3
    endloop
  endfacet
  facet normal 0.857673 0.514196 0
    outer loop
      vertex 38.9638 24.1428 14.4
      vertex 38.8629 24.3111 3
      vertex 38.8629 24.3111 14.4
    endloop
  endfacet
  facet normal 0.857673 0.514196 0
    outer loop
      vertex 38.8629 24.3111 3
      vertex 38.9638 24.1428 14.4
      vertex 38.9638 24.1428 3
    endloop
  endfacet
  facet normal 0.94158 0.336788 0
    outer loop
      vertex 39.1139 23.7806 14.4
      vertex 39.0478 23.9654 3
      vertex 39.0478 23.9654 14.4
    endloop
  endfacet
  facet normal 0.94158 0.336788 0
    outer loop
      vertex 39.0478 23.9654 3
      vertex 39.1139 23.7806 14.4
      vertex 39.1139 23.7806 3
    endloop
  endfacet
  facet normal 0.970023 0.243015 0
    outer loop
      vertex 39.1616 23.5902 14.4
      vertex 39.1139 23.7806 3
      vertex 39.1139 23.7806 14.4
    endloop
  endfacet
  facet normal 0.970023 0.243015 0
    outer loop
      vertex 39.1139 23.7806 3
      vertex 39.1616 23.5902 14.4
      vertex 39.1616 23.5902 3
    endloop
  endfacet
  facet normal 0.989176 -0.146733 0
    outer loop
      vertex 39.1616 1.60982 14.4
      vertex 39.1904 1.80397 3
      vertex 39.1904 1.80397 14.4
    endloop
  endfacet
  facet normal 0.989176 -0.146733 0
    outer loop
      vertex 39.1904 1.80397 3
      vertex 39.1616 1.60982 14.4
      vertex 39.1616 1.60982 3
    endloop
  endfacet
  facet normal 0.514207 -0.857666 4.38618e-07
    outer loop
      vertex 38.1428 0.236157 14.4
      vertex 38.2 0.270445 3
      vertex 38.3111 0.33706 14.4
    endloop
  endfacet
  facet normal 0.514143 -0.857705 0
    outer loop
      vertex 38.1428 0.236157 0
      vertex 38.2 0.270445 3
      vertex 38.1428 0.236157 14.4
    endloop
  endfacet
  facet normal 0.514143 -0.857705 0
    outer loop
      vertex 38.2 0.270445 3
      vertex 38.1428 0.236157 0
      vertex 38.2 0.270445 0
    endloop
  endfacet
  facet normal 0.51424 -0.857646 0
    outer loop
      vertex 38.3111 0.33706 14.4
      vertex 38.2 0.270445 3
      vertex 38.3111 0.33706 3
    endloop
  endfacet
  facet normal 0.74097 -0.671538 0
    outer loop
      vertex 38.6142 0.585786 14.4
      vertex 38.746 0.731213 3
      vertex 38.746 0.731213 14.4
    endloop
  endfacet
  facet normal 0.74097 -0.671538 0
    outer loop
      vertex 38.746 0.731213 3
      vertex 38.6142 0.585786 14.4
      vertex 38.6142 0.585786 3
    endloop
  endfacet
  facet normal -0.514093 -0.857735 0
    outer loop
      vertex 0.888859 0.33706 3
      vertex 1.05721 0.236157 14.4
      vertex 0.888859 0.33706 14.4
    endloop
  endfacet
  facet normal -0.514101 -0.85773 1.63517e-07
    outer loop
      vertex 1 0.270445 3
      vertex 1.05721 0.236157 14.4
      vertex 0.888859 0.33706 3
    endloop
  endfacet
  facet normal -0.514077 -0.857744 0
    outer loop
      vertex 1.05721 0.236157 0
      vertex 1 0.270445 3
      vertex 1 0.270445 0
    endloop
  endfacet
  facet normal -0.514077 -0.857744 0
    outer loop
      vertex 1 0.270445 3
      vertex 1.05721 0.236157 0
      vertex 1.05721 0.236157 14.4
    endloop
  endfacet
  facet normal -0.146729 -0.989177 0
    outer loop
      vertex 1.60982 0.0384293 0
      vertex 1.80397 0.0096302 14.4
      vertex 1.60982 0.0384293 14.4
    endloop
  endfacet
  facet normal -0.146729 -0.989177 -0
    outer loop
      vertex 1.80397 0.0096302 14.4
      vertex 1.60982 0.0384293 0
      vertex 1.80397 0.0096302 0
    endloop
  endfacet
  facet normal -0.242976 -0.970032 0
    outer loop
      vertex 1.41943 0.0861187 0
      vertex 1.60982 0.0384293 14.4
      vertex 1.41943 0.0861187 14.4
    endloop
  endfacet
  facet normal -0.242976 -0.970032 -0
    outer loop
      vertex 1.60982 0.0384293 14.4
      vertex 1.41943 0.0861187 0
      vertex 1.60982 0.0384293 0
    endloop
  endfacet
  facet normal -0.803206 -0.595702 0
    outer loop
      vertex 0.453979 0.731213 3
      vertex 0.33706 0.888859 14.4
      vertex 0.33706 0.888859 3
    endloop
  endfacet
  facet normal -0.803206 -0.595702 0
    outer loop
      vertex 0.33706 0.888859 14.4
      vertex 0.453979 0.731213 3
      vertex 0.453979 0.731213 14.4
    endloop
  endfacet
  facet normal -0.970032 -0.242976 0
    outer loop
      vertex 0.0861187 1.41943 3
      vertex 0.0384293 1.60982 14.4
      vertex 0.0384293 1.60982 3
    endloop
  endfacet
  facet normal -0.970032 -0.242976 0
    outer loop
      vertex 0.0384293 1.60982 14.4
      vertex 0.0861187 1.41943 3
      vertex 0.0861187 1.41943 14.4
    endloop
  endfacet
  facet normal -0.989177 -0.146729 0
    outer loop
      vertex 0.0384293 1.60982 3
      vertex 0.0096302 1.80397 14.4
      vertex 0.0096302 1.80397 3
    endloop
  endfacet
  facet normal -0.989177 -0.146729 0
    outer loop
      vertex 0.0096302 1.80397 14.4
      vertex 0.0384293 1.60982 3
      vertex 0.0384293 1.60982 14.4
    endloop
  endfacet
  facet normal -0.336788 0.94158 0
    outer loop
      vertex 1.41943 25.1139 0
      vertex 1.23463 25.0478 14.4
      vertex 1.41943 25.1139 14.4
    endloop
  endfacet
  facet normal -0.336788 0.94158 0
    outer loop
      vertex 1.23463 25.0478 14.4
      vertex 1.41943 25.1139 0
      vertex 1.23463 25.0478 0
    endloop
  endfacet
  facet normal 0.427955 0.9038 -0
    outer loop
      vertex 38.1428 24.9638 0
      vertex 37.9654 25.0478 14.4
      vertex 38.1428 24.9638 14.4
    endloop
  endfacet
  facet normal 0.427955 0.9038 0
    outer loop
      vertex 37.9654 25.0478 14.4
      vertex 38.1428 24.9638 0
      vertex 37.9654 25.0478 0
    endloop
  endfacet
  facet normal 0.146696 0.989182 -0
    outer loop
      vertex 37.5902 25.1616 0
      vertex 37.396 25.1904 14.4
      vertex 37.5902 25.1616 14.4
    endloop
  endfacet
  facet normal 0.146696 0.989182 0
    outer loop
      vertex 37.396 25.1904 14.4
      vertex 37.5902 25.1616 0
      vertex 37.396 25.1904 0
    endloop
  endfacet
  facet normal 0.243015 0.970023 -0
    outer loop
      vertex 37.7806 25.1139 0
      vertex 37.5902 25.1616 14.4
      vertex 37.7806 25.1139 14.4
    endloop
  endfacet
  facet normal 0.243015 0.970023 0
    outer loop
      vertex 37.5902 25.1616 14.4
      vertex 37.7806 25.1139 0
      vertex 37.5902 25.1616 0
    endloop
  endfacet
  facet normal 0.740908 0.671607 0
    outer loop
      vertex 38.746 24.4688 14.4
      vertex 38.6142 24.6142 3
      vertex 38.6142 24.6142 14.4
    endloop
  endfacet
  facet normal 0.740908 0.671607 0
    outer loop
      vertex 38.6142 24.6142 3
      vertex 38.746 24.4688 14.4
      vertex 38.746 24.4688 3
    endloop
  endfacet
  facet normal 0.903819 -0.427916 0
    outer loop
      vertex 38.9638 1.05721 14.4
      vertex 39.0478 1.23463 3
      vertex 39.0478 1.23463 14.4
    endloop
  endfacet
  facet normal 0.903819 -0.427916 0
    outer loop
      vertex 39.0478 1.23463 3
      vertex 38.9638 1.05721 14.4
      vertex 38.9638 1.05721 3
    endloop
  endfacet
  facet normal 0.803252 -0.595639 0
    outer loop
      vertex 38.746 0.731213 14.4
      vertex 38.8629 0.888859 3
      vertex 38.8629 0.888859 14.4
    endloop
  endfacet
  facet normal 0.803252 -0.595639 0
    outer loop
      vertex 38.8629 0.888859 3
      vertex 38.746 0.731213 14.4
      vertex 38.746 0.731213 3
    endloop
  endfacet
  facet normal 0.242964 -0.970035 0
    outer loop
      vertex 37.5902 0.0384293 0
      vertex 37.7806 0.0861187 14.4
      vertex 37.5902 0.0384293 14.4
    endloop
  endfacet
  facet normal 0.242964 -0.970035 0
    outer loop
      vertex 37.7806 0.0861187 14.4
      vertex 37.5902 0.0384293 0
      vertex 37.7806 0.0861187 0
    endloop
  endfacet
  facet normal 0.146692 -0.989182 0
    outer loop
      vertex 37.396 0.0096302 0
      vertex 37.5902 0.0384293 14.4
      vertex 37.396 0.0096302 14.4
    endloop
  endfacet
  facet normal 0.146692 -0.989182 0
    outer loop
      vertex 37.5902 0.0384293 14.4
      vertex 37.396 0.0096302 0
      vertex 37.5902 0.0384293 0
    endloop
  endfacet
  facet normal -0.146733 0.989176 0
    outer loop
      vertex 1.80397 25.1904 0
      vertex 1.60982 25.1616 14.4
      vertex 1.80397 25.1904 14.4
    endloop
  endfacet
  facet normal -0.146733 0.989176 0
    outer loop
      vertex 1.60982 25.1616 14.4
      vertex 1.80397 25.1904 0
      vertex 1.60982 25.1616 0
    endloop
  endfacet
  facet normal 0.94158 -0.336788 0
    outer loop
      vertex 39.0478 1.23463 14.4
      vertex 39.1139 1.41943 3
      vertex 39.1139 1.41943 14.4
    endloop
  endfacet
  facet normal 0.94158 -0.336788 0
    outer loop
      vertex 39.1139 1.41943 3
      vertex 39.0478 1.23463 14.4
      vertex 39.0478 1.23463 3
    endloop
  endfacet
  facet normal 0.970019 -0.243027 0
    outer loop
      vertex 39.1139 1.41943 14.4
      vertex 39.1616 1.60982 3
      vertex 39.1616 1.60982 14.4
    endloop
  endfacet
  facet normal 0.970019 -0.243027 0
    outer loop
      vertex 39.1616 1.60982 3
      vertex 39.1139 1.41943 14.4
      vertex 39.1139 1.41943 3
    endloop
  endfacet
  facet normal 1 -0 0
    outer loop
      vertex -5.6 2.1 3
      vertex -5.6 23.1 0
      vertex -5.6 23.1 3
    endloop
  endfacet
  facet normal 1 0 0
    outer loop
      vertex -5.6 23.1 0
      vertex -5.6 2.1 3
      vertex -5.6 2.1 0
    endloop
  endfacet
  facet normal -1 0 0
    outer loop
      vertex -2.4 2.1 0
      vertex -2.4 23.1 3
      vertex -2.4 23.1 0
    endloop
  endfacet
  facet normal -1 -0 0
    outer loop
      vertex -2.4 23.1 3
      vertex -2.4 2.1 0
      vertex -2.4 2.1 3
    endloop
  endfacet
  facet normal 0 -1 0
    outer loop
      vertex -5.6 23.1 0
      vertex -2.4 23.1 3
      vertex -5.6 23.1 3
    endloop
  endfacet
  facet normal 0 -1 -0
    outer loop
      vertex -2.4 23.1 3
      vertex -5.6 23.1 0
      vertex -2.4 23.1 0
    endloop
  endfacet
  facet normal 0 1 -0
    outer loop
      vertex -2.4 2.1 0
      vertex -5.6 2.1 3
      vertex -2.4 2.1 3
    endloop
  endfacet
  facet normal 0 1 0
    outer loop
      vertex -5.6 2.1 3
      vertex -2.4 2.1 0
      vertex -5.6 2.1 0
    endloop
  endfacet
  facet normal 1 -0 0
    outer loop
      vertex 41.6 2.1 3
      vertex 41.6 23.1 0
      vertex 41.6 23.1 3
    endloop
  endfacet
  facet normal 1 0 0
    outer loop
      vertex 41.6 23.1 0
      vertex 41.6 2.1 3
      vertex 41.6 2.1 0
    endloop
  endfacet
  facet normal -1 0 0
    outer loop
      vertex 44.8 2.1 0
      vertex 44.8 23.1 3
      vertex 44.8 23.1 0
    endloop
  endfacet
  facet normal -1 -0 0
    outer loop
      vertex 44.8 23.1 3
      vertex 44.8 2.1 0
      vertex 44.8 2.1 3
    endloop
  endfacet
  facet normal 0 1 -0
    outer loop
      vertex 44.8 2.1 0
      vertex 41.6 2.1 3
      vertex 44.8 2.1 3
    endloop
  endfacet
  facet normal 0 1 0
    outer loop
      vertex 41.6 2.1 3
      vertex 44.8 2.1 0
      vertex 41.6 2.1 0
    endloop
  endfacet
  facet normal 0 -1 0
    outer loop
      vertex 41.6 23.1 0
      vertex 44.8 23.1 3
      vertex 41.6 23.1 3
    endloop
  endfacet
  facet normal 0 -1 -0
    outer loop
      vertex 44.8 23.1 3
      vertex 41.6 23.1 0
      vertex 44.8 23.1 0
    endloop
  endfacet
  facet normal 0 0.970023 0.243015
    outer loop
      vertex 1.6 7.64306 7.60973
      vertex 0.799999 7.61921 7.70493
      vertex 1.6 7.61921 7.70493
    endloop
  endfacet
  facet normal 0 0.970023 0.243015
    outer loop
      vertex 0.799999 7.61921 7.70493
      vertex 1.6 7.64306 7.60973
      vertex 0.799999 7.64306 7.60973
    endloop
  endfacet
  facet normal 0 0.989188 0.146656
    outer loop
      vertex 1.6 7.61921 7.70493
      vertex 0.799999 7.60482 7.80199
      vertex 1.6 7.60482 7.80199
    endloop
  endfacet
  facet normal 0 0.989188 0.146656
    outer loop
      vertex 0.799999 7.60482 7.80199
      vertex 1.6 7.61921 7.70493
      vertex 0.799999 7.61921 7.70493
    endloop
  endfacet
  facet normal 0 -0.0489209 -0.998803
    outer loop
      vertex 0.799999 16.6 11.1
      vertex 1.6 16.698 11.0952
      vertex 1.6 16.6 11.1
    endloop
  endfacet
  facet normal -0 -0.0489209 -0.998803
    outer loop
      vertex 1.6 16.698 11.0952
      vertex 0.799999 16.6 11.1
      vertex 0.799999 16.698 11.0952
    endloop
  endfacet
  facet normal 0 1 -0
    outer loop
      vertex 1.6 7.6 7.90001
      vertex 0.799999 7.6 10.1
      vertex 1.6 7.6 10.1
    endloop
  endfacet
  facet normal 0 1 0
    outer loop
      vertex 0.799999 7.6 10.1
      vertex 1.6 7.6 7.90001
      vertex 0.799999 7.6 7.90001
    endloop
  endfacet
  facet normal 0 0.998793 -0.0491243
    outer loop
      vertex 1.6 7.6 10.1
      vertex 0.799999 7.60482 10.198
      vertex 1.6 7.60482 10.198
    endloop
  endfacet
  facet normal 0 0.998793 -0.0491243
    outer loop
      vertex 0.799999 7.60482 10.198
      vertex 1.6 7.6 10.1
      vertex 0.799999 7.6 10.1
    endloop
  endfacet
  facet normal 0 -0.998803 -0.0489209
    outer loop
      vertex 0.799999 17.6 10.1
      vertex 1.6 17.5952 10.198
      vertex 0.799999 17.5952 10.198
    endloop
  endfacet
  facet normal 0 -0.998803 -0.0489209
    outer loop
      vertex 1.6 17.5952 10.198
      vertex 0.799999 17.6 10.1
      vertex 1.6 17.6 10.1
    endloop
  endfacet
  facet normal 0 -0.0491243 0.998793
    outer loop
      vertex 0.799999 16.698 6.90483
      vertex 1.6 16.6 6.90001
      vertex 1.6 16.698 6.90483
    endloop
  endfacet
  facet normal 0 -0.0491243 0.998793
    outer loop
      vertex 1.6 16.6 6.90001
      vertex 0.799999 16.698 6.90483
      vertex 0.799999 16.6 6.90001
    endloop
  endfacet
  facet normal 0 0.998793 0.0491143
    outer loop
      vertex 1.6 7.60482 7.80199
      vertex 0.799999 7.6 7.90001
      vertex 1.6 7.6 7.90001
    endloop
  endfacet
  facet normal 0 0.998793 0.0491143
    outer loop
      vertex 0.799999 7.6 7.90001
      vertex 1.6 7.60482 7.80199
      vertex 0.799999 7.60482 7.80199
    endloop
  endfacet
  facet normal 0 0 -1
    outer loop
      vertex 0.799999 8.6 11.1
      vertex 1.6 16.6 11.1
      vertex 1.6 8.6 11.1
    endloop
  endfacet
  facet normal -0 0 -1
    outer loop
      vertex 1.6 16.6 11.1
      vertex 0.799999 8.6 11.1
      vertex 0.799999 16.6 11.1
    endloop
  endfacet
  facet normal 0 0.146755 -0.989173
    outer loop
      vertex 0.799999 8.40492 11.0808
      vertex 1.6 8.50198 11.0952
      vertex 1.6 8.40492 11.0808
    endloop
  endfacet
  facet normal 0 0.146755 -0.989173
    outer loop
      vertex 1.6 8.50198 11.0952
      vertex 0.799999 8.40492 11.0808
      vertex 0.799999 8.50198 11.0952
    endloop
  endfacet
  facet normal 0 0.513686 -0.857978
    outer loop
      vertex 0.799999 8.04443 10.9315
      vertex 1.6 8.12861 10.9819
      vertex 1.6 8.04443 10.9315
    endloop
  endfacet
  facet normal 0 0.513686 -0.857978
    outer loop
      vertex 1.6 8.12861 10.9819
      vertex 0.799999 8.04443 10.9315
      vertex 0.799999 8.12861 10.9819
    endloop
  endfacet
  facet normal 0 0.989196 -0.146597
    outer loop
      vertex 1.6 7.60482 10.198
      vertex 0.799999 7.61921 10.2951
      vertex 1.6 7.61921 10.2951
    endloop
  endfacet
  facet normal 0 0.989196 -0.146597
    outer loop
      vertex 0.799999 7.61921 10.2951
      vertex 1.6 7.60482 10.198
      vertex 0.799999 7.60482 10.198
    endloop
  endfacet
  facet normal 0 -0.989182 -0.146696
    outer loop
      vertex 0.799999 17.5952 10.198
      vertex 1.6 17.5808 10.2951
      vertex 0.799999 17.5808 10.2951
    endloop
  endfacet
  facet normal 0 -0.989182 -0.146696
    outer loop
      vertex 1.6 17.5808 10.2951
      vertex 0.799999 17.5952 10.198
      vertex 1.6 17.5952 10.198
    endloop
  endfacet
  facet normal 0 -0.595817 0.80312
    outer loop
      vertex 0.799999 17.2344 7.127
      vertex 1.6 17.1556 7.06854
      vertex 1.6 17.2344 7.127
    endloop
  endfacet
  facet normal 0 -0.595817 0.80312
    outer loop
      vertex 1.6 17.1556 7.06854
      vertex 0.799999 17.2344 7.127
      vertex 0.799999 17.1556 7.06854
    endloop
  endfacet
  facet normal 0 -0.969902 0.243494
    outer loop
      vertex 0.799999 17.5569 7.60973
      vertex 1.6 17.5808 7.70493
      vertex 0.799999 17.5808 7.70493
    endloop
  endfacet
  facet normal 0 -0.969902 0.243494
    outer loop
      vertex 1.6 17.5808 7.70493
      vertex 0.799999 17.5569 7.60973
      vertex 1.6 17.5569 7.60973
    endloop
  endfacet
  facet normal 0 -0.989173 0.146755
    outer loop
      vertex 0.799999 17.5808 7.70493
      vertex 1.6 17.5952 7.80199
      vertex 0.799999 17.5952 7.80199
    endloop
  endfacet
  facet normal 0 -0.989173 0.146755
    outer loop
      vertex 1.6 17.5952 7.80199
      vertex 0.799999 17.5808 7.70493
      vertex 1.6 17.5808 7.70493
    endloop
  endfacet
  facet normal 0 -1 0
    outer loop
      vertex 0.799999 17.6 7.90001
      vertex 1.6 17.6 10.1
      vertex 0.799999 17.6 10.1
    endloop
  endfacet
  facet normal 0 -1 -0
    outer loop
      vertex 1.6 17.6 10.1
      vertex 0.799999 17.6 7.90001
      vertex 1.6 17.6 7.90001
    endloop
  endfacet
  facet normal -0 0.0491143 0.998793
    outer loop
      vertex 0.799999 8.6 6.90001
      vertex 1.6 8.50198 6.90483
      vertex 1.6 8.6 6.90001
    endloop
  endfacet
  facet normal 0 0.0491143 0.998793
    outer loop
      vertex 1.6 8.50198 6.90483
      vertex 0.799999 8.6 6.90001
      vertex 0.799999 8.50198 6.90483
    endloop
  endfacet
  facet normal 0 -0.969902 -0.243494
    outer loop
      vertex 0.799999 17.5808 10.2951
      vertex 1.6 17.5569 10.3903
      vertex 0.799999 17.5569 10.3903
    endloop
  endfacet
  facet normal 0 -0.969902 -0.243494
    outer loop
      vertex 1.6 17.5569 10.3903
      vertex 0.799999 17.5808 10.2951
      vertex 1.6 17.5808 10.2951
    endloop
  endfacet
  facet normal 0 -0.427955 -0.9038
    outer loop
      vertex 0.799999 16.9827 11.0239
      vertex 1.6 17.0714 10.9819
      vertex 1.6 16.9827 11.0239
    endloop
  endfacet
  facet normal -0 -0.427955 -0.9038
    outer loop
      vertex 1.6 17.0714 10.9819
      vertex 0.799999 16.9827 11.0239
      vertex 0.799999 17.0714 10.9819
    endloop
  endfacet
  facet normal 0 0.048911 -0.998803
    outer loop
      vertex 0.799999 8.50198 11.0952
      vertex 1.6 8.6 11.1
      vertex 1.6 8.50198 11.0952
    endloop
  endfacet
  facet normal 0 0.048911 -0.998803
    outer loop
      vertex 1.6 8.6 11.1
      vertex 0.799999 8.50198 11.0952
      vertex 0.799999 8.6 11.1
    endloop
  endfacet
  facet normal 0 0.243494 -0.969902
    outer loop
      vertex 0.799999 8.30972 11.0569
      vertex 1.6 8.40492 11.0808
      vertex 1.6 8.30972 11.0569
    endloop
  endfacet
  facet normal 0 0.243494 -0.969902
    outer loop
      vertex 1.6 8.40492 11.0808
      vertex 0.799999 8.30972 11.0569
      vertex 0.799999 8.40492 11.0808
    endloop
  endfacet
  facet normal 0 0.671556 -0.740954
    outer loop
      vertex 0.799999 7.89289 10.8071
      vertex 1.6 7.9656 10.873
      vertex 1.6 7.89289 10.8071
    endloop
  endfacet
  facet normal 0 0.671556 -0.740954
    outer loop
      vertex 1.6 7.9656 10.873
      vertex 0.799999 7.89289 10.8071
      vertex 0.799999 7.9656 10.873
    endloop
  endfacet
  facet normal 0 0.970023 -0.243015
    outer loop
      vertex 1.6 7.61921 10.2951
      vertex 0.799999 7.64306 10.3903
      vertex 1.6 7.64306 10.3903
    endloop
  endfacet
  facet normal 0 0.970023 -0.243015
    outer loop
      vertex 0.799999 7.64306 10.3903
      vertex 1.6 7.61921 10.2951
      vertex 0.799999 7.61921 10.2951
    endloop
  endfacet
  facet normal 0 0.740908 -0.671607
    outer loop
      vertex 1.6 7.82699 10.7344
      vertex 0.799999 7.89289 10.8071
      vertex 1.6 7.89289 10.8071
    endloop
  endfacet
  facet normal 0 0.740908 -0.671607
    outer loop
      vertex 0.799999 7.89289 10.8071
      vertex 1.6 7.82699 10.7344
      vertex 0.799999 7.82699 10.7344
    endloop
  endfacet
  facet normal 0 0.941516 -0.336969
    outer loop
      vertex 1.6 7.64306 10.3903
      vertex 0.799999 7.67613 10.4827
      vertex 1.6 7.67613 10.4827
    endloop
  endfacet
  facet normal 0 0.941516 -0.336969
    outer loop
      vertex 0.799999 7.67613 10.4827
      vertex 1.6 7.64306 10.3903
      vertex 0.799999 7.64306 10.3903
    endloop
  endfacet
  facet normal 0 -0.514046 0.857762
    outer loop
      vertex 0.799999 17.1556 7.06854
      vertex 1.6 17.0714 7.01808
      vertex 1.6 17.1556 7.06854
    endloop
  endfacet
  facet normal 0 -0.514046 0.857762
    outer loop
      vertex 1.6 17.0714 7.01808
      vertex 0.799999 17.1556 7.06854
      vertex 0.799999 17.0714 7.01808
    endloop
  endfacet
  facet normal 0 -0.803034 0.595934
    outer loop
      vertex 0.799999 17.373 7.26561
      vertex 1.6 17.4315 7.34444
      vertex 0.799999 17.4315 7.34444
    endloop
  endfacet
  facet normal 0 -0.803034 0.595934
    outer loop
      vertex 1.6 17.4315 7.34444
      vertex 0.799999 17.373 7.26561
      vertex 1.6 17.373 7.26561
    endloop
  endfacet
  facet normal 0 -0.998803 0.048911
    outer loop
      vertex 0.799999 17.5952 7.80199
      vertex 1.6 17.6 7.90001
      vertex 0.799999 17.6 7.90001
    endloop
  endfacet
  facet normal 0 -0.998803 0.048911
    outer loop
      vertex 1.6 17.6 7.90001
      vertex 0.799999 17.5952 7.80199
      vertex 1.6 17.5952 7.80199
    endloop
  endfacet
  facet normal -0 0.146656 0.989188
    outer loop
      vertex 0.799999 8.50198 6.90483
      vertex 1.6 8.40492 6.91922
      vertex 1.6 8.50198 6.90483
    endloop
  endfacet
  facet normal 0 0.146656 0.989188
    outer loop
      vertex 1.6 8.40492 6.91922
      vertex 0.799999 8.50198 6.90483
      vertex 0.799999 8.40492 6.91922
    endloop
  endfacet
  facet normal -0 0.595671 0.803229
    outer loop
      vertex 0.799999 8.04443 7.06854
      vertex 1.6 7.9656 7.127
      vertex 1.6 8.04443 7.06854
    endloop
  endfacet
  facet normal 0 0.595671 0.803229
    outer loop
      vertex 1.6 7.9656 7.127
      vertex 0.799999 8.04443 7.06854
      vertex 0.799999 7.9656 7.127
    endloop
  endfacet
  facet normal 0 0.803229 0.595671
    outer loop
      vertex 1.6 7.82699 7.26561
      vertex 0.799999 7.76853 7.34444
      vertex 1.6 7.76853 7.34444
    endloop
  endfacet
  facet normal 0 0.803229 0.595671
    outer loop
      vertex 0.799999 7.76853 7.34444
      vertex 1.6 7.82699 7.26561
      vertex 0.799999 7.82699 7.26561
    endloop
  endfacet
  facet normal 0 0.904036 0.427455
    outer loop
      vertex 1.6 7.71807 7.42862
      vertex 0.799999 7.67613 7.51732
      vertex 1.6 7.67613 7.51732
    endloop
  endfacet
  facet normal 0 0.904036 0.427455
    outer loop
      vertex 0.799999 7.67613 7.51732
      vertex 1.6 7.71807 7.42862
      vertex 0.799999 7.71807 7.42862
    endloop
  endfacet
  facet normal -0 0 1
    outer loop
      vertex 0.799999 16.6 6.90001
      vertex 1.6 8.6 6.90001
      vertex 1.6 16.6 6.90001
    endloop
  endfacet
  facet normal 0 0 1
    outer loop
      vertex 1.6 8.6 6.90001
      vertex 0.799999 16.6 6.90001
      vertex 0.799999 8.6 6.90001
    endloop
  endfacet
  facet normal 0 -0.243015 0.970023
    outer loop
      vertex 0.799999 16.8903 6.94307
      vertex 1.6 16.7951 6.91922
      vertex 1.6 16.8903 6.94307
    endloop
  endfacet
  facet normal 0 -0.243015 0.970023
    outer loop
      vertex 1.6 16.7951 6.91922
      vertex 0.799999 16.8903 6.94307
      vertex 0.799999 16.7951 6.91922
    endloop
  endfacet
  facet normal 0 -0.941742 -0.336336
    outer loop
      vertex 0.799999 17.5569 10.3903
      vertex 1.6 17.5239 10.4827
      vertex 0.799999 17.5239 10.4827
    endloop
  endfacet
  facet normal 0 -0.941742 -0.336336
    outer loop
      vertex 1.6 17.5239 10.4827
      vertex 0.799999 17.5569 10.3903
      vertex 1.6 17.5569 10.3903
    endloop
  endfacet
  facet normal 0 -0.146696 -0.989182
    outer loop
      vertex 0.799999 16.698 11.0952
      vertex 1.6 16.7951 11.0808
      vertex 1.6 16.698 11.0952
    endloop
  endfacet
  facet normal -0 -0.146696 -0.989182
    outer loop
      vertex 1.6 16.7951 11.0808
      vertex 0.799999 16.698 11.0952
      vertex 0.799999 16.7951 11.0808
    endloop
  endfacet
  facet normal 0 0.595934 -0.803034
    outer loop
      vertex 0.799999 7.9656 10.873
      vertex 1.6 8.04443 10.9315
      vertex 1.6 7.9656 10.873
    endloop
  endfacet
  facet normal 0 0.595934 -0.803034
    outer loop
      vertex 1.6 8.04443 10.9315
      vertex 0.799999 7.9656 10.873
      vertex 0.799999 8.04443 10.9315
    endloop
  endfacet
  facet normal 0 0.904036 -0.427455
    outer loop
      vertex 1.6 7.67613 10.4827
      vertex 0.799999 7.71807 10.5714
      vertex 1.6 7.71807 10.5714
    endloop
  endfacet
  facet normal 0 0.904036 -0.427455
    outer loop
      vertex 0.799999 7.71807 10.5714
      vertex 1.6 7.67613 10.4827
      vertex 0.799999 7.67613 10.4827
    endloop
  endfacet
  facet normal 0 0.80312 -0.595817
    outer loop
      vertex 1.6 7.76853 10.6556
      vertex 0.799999 7.82699 10.7344
      vertex 1.6 7.82699 10.7344
    endloop
  endfacet
  facet normal 0 0.80312 -0.595817
    outer loop
      vertex 0.799999 7.82699 10.7344
      vertex 1.6 7.76853 10.6556
      vertex 0.799999 7.76853 10.6556
    endloop
  endfacet
  facet normal 0 0.857762 -0.514046
    outer loop
      vertex 1.6 7.71807 10.5714
      vertex 0.799999 7.76853 10.6556
      vertex 1.6 7.76853 10.6556
    endloop
  endfacet
  facet normal 0 0.857762 -0.514046
    outer loop
      vertex 0.799999 7.76853 10.6556
      vertex 1.6 7.71807 10.5714
      vertex 0.799999 7.71807 10.5714
    endloop
  endfacet
  facet normal 0 -0.336969 0.941516
    outer loop
      vertex 0.799999 16.9827 6.97614
      vertex 1.6 16.8903 6.94307
      vertex 1.6 16.9827 6.97614
    endloop
  endfacet
  facet normal 0 -0.336969 0.941516
    outer loop
      vertex 1.6 16.8903 6.94307
      vertex 0.799999 16.9827 6.97614
      vertex 0.799999 16.8903 6.94307
    endloop
  endfacet
  facet normal 0 -0.671607 0.740908
    outer loop
      vertex 0.799999 17.3071 7.1929
      vertex 1.6 17.2344 7.127
      vertex 1.6 17.3071 7.1929
    endloop
  endfacet
  facet normal 0 -0.671607 0.740908
    outer loop
      vertex 1.6 17.2344 7.127
      vertex 0.799999 17.3071 7.1929
      vertex 0.799999 17.2344 7.127
    endloop
  endfacet
  facet normal 0 -0.9038 0.427955
    outer loop
      vertex 0.799999 17.4819 7.42862
      vertex 1.6 17.5239 7.51732
      vertex 0.799999 17.5239 7.51732
    endloop
  endfacet
  facet normal 0 -0.9038 0.427955
    outer loop
      vertex 1.6 17.5239 7.51732
      vertex 0.799999 17.4819 7.42862
      vertex 1.6 17.4819 7.42862
    endloop
  endfacet
  facet normal 0 -0.857978 0.513686
    outer loop
      vertex 0.799999 17.4315 7.34444
      vertex 1.6 17.4819 7.42862
      vertex 0.799999 17.4819 7.42862
    endloop
  endfacet
  facet normal 0 -0.857978 0.513686
    outer loop
      vertex 1.6 17.4819 7.42862
      vertex 0.799999 17.4315 7.34444
      vertex 1.6 17.4315 7.34444
    endloop
  endfacet
  facet normal -0 0.336937 0.941527
    outer loop
      vertex 0.799999 8.30972 6.94307
      vertex 1.6 8.21731 6.97614
      vertex 1.6 8.30972 6.94307
    endloop
  endfacet
  facet normal 0 0.336937 0.941527
    outer loop
      vertex 1.6 8.21731 6.97614
      vertex 0.799999 8.30972 6.94307
      vertex 0.799999 8.21731 6.97614
    endloop
  endfacet
  facet normal -0 0.427455 0.904036
    outer loop
      vertex 0.799999 8.21731 6.97614
      vertex 1.6 8.12861 7.01808
      vertex 1.6 8.21731 6.97614
    endloop
  endfacet
  facet normal 0 0.427455 0.904036
    outer loop
      vertex 1.6 8.12861 7.01808
      vertex 0.799999 8.21731 6.97614
      vertex 0.799999 8.12861 7.01808
    endloop
  endfacet
  facet normal 0 0.857709 0.514136
    outer loop
      vertex 1.6 7.76853 7.34444
      vertex 0.799999 7.71807 7.42862
      vertex 1.6 7.71807 7.42862
    endloop
  endfacet
  facet normal 0 0.857709 0.514136
    outer loop
      vertex 0.799999 7.71807 7.42862
      vertex 1.6 7.76853 7.34444
      vertex 0.799999 7.76853 7.34444
    endloop
  endfacet
  facet normal 0 0.941527 0.336937
    outer loop
      vertex 1.6 7.67613 7.51732
      vertex 0.799999 7.64306 7.60973
      vertex 1.6 7.64306 7.60973
    endloop
  endfacet
  facet normal 0 0.941527 0.336937
    outer loop
      vertex 0.799999 7.64306 7.60973
      vertex 1.6 7.67613 7.51732
      vertex 0.799999 7.67613 7.51732
    endloop
  endfacet
  facet normal 0 0.740954 0.671556
    outer loop
      vertex 1.6 7.89289 7.1929
      vertex 0.799999 7.82699 7.26561
      vertex 1.6 7.82699 7.26561
    endloop
  endfacet
  facet normal 0 0.740954 0.671556
    outer loop
      vertex 0.799999 7.82699 7.26561
      vertex 1.6 7.89289 7.1929
      vertex 0.799999 7.89289 7.1929
    endloop
  endfacet
  facet normal 0 -0.146597 0.989196
    outer loop
      vertex 0.799999 16.7951 6.91922
      vertex 1.6 16.698 6.90483
      vertex 1.6 16.7951 6.91922
    endloop
  endfacet
  facet normal 0 -0.146597 0.989196
    outer loop
      vertex 1.6 16.698 6.90483
      vertex 0.799999 16.7951 6.91922
      vertex 0.799999 16.698 6.90483
    endloop
  endfacet
  facet normal 0 -0.671607 -0.740908
    outer loop
      vertex 0.799999 17.2344 10.873
      vertex 1.6 17.3071 10.8071
      vertex 1.6 17.2344 10.873
    endloop
  endfacet
  facet normal -0 -0.671607 -0.740908
    outer loop
      vertex 1.6 17.3071 10.8071
      vertex 0.799999 17.2344 10.873
      vertex 0.799999 17.3071 10.8071
    endloop
  endfacet
  facet normal 0 -0.740908 -0.671607
    outer loop
      vertex 0.799999 17.373 10.7344
      vertex 1.6 17.3071 10.8071
      vertex 0.799999 17.3071 10.8071
    endloop
  endfacet
  facet normal 0 -0.740908 -0.671607
    outer loop
      vertex 1.6 17.3071 10.8071
      vertex 0.799999 17.373 10.7344
      vertex 1.6 17.373 10.7344
    endloop
  endfacet
  facet normal 0 -0.9038 -0.427955
    outer loop
      vertex 0.799999 17.5239 10.4827
      vertex 1.6 17.4819 10.5714
      vertex 0.799999 17.4819 10.5714
    endloop
  endfacet
  facet normal 0 -0.9038 -0.427955
    outer loop
      vertex 1.6 17.4819 10.5714
      vertex 0.799999 17.5239 10.4827
      vertex 1.6 17.5239 10.4827
    endloop
  endfacet
  facet normal 0 -0.802925 -0.59608
    outer loop
      vertex 0.799999 17.4315 10.6556
      vertex 1.6 17.373 10.7344
      vertex 0.799999 17.373 10.7344
    endloop
  endfacet
  facet normal 0 -0.802925 -0.59608
    outer loop
      vertex 1.6 17.373 10.7344
      vertex 0.799999 17.4315 10.6556
      vertex 1.6 17.4315 10.6556
    endloop
  endfacet
  facet normal 0 -0.243494 -0.969902
    outer loop
      vertex 0.799999 16.7951 11.0808
      vertex 1.6 16.8903 11.0569
      vertex 1.6 16.7951 11.0808
    endloop
  endfacet
  facet normal -0 -0.243494 -0.969902
    outer loop
      vertex 1.6 16.8903 11.0569
      vertex 0.799999 16.7951 11.0808
      vertex 0.799999 16.8903 11.0569
    endloop
  endfacet
  facet normal 0 -0.336336 -0.941742
    outer loop
      vertex 0.799999 16.8903 11.0569
      vertex 1.6 16.9827 11.0239
      vertex 1.6 16.8903 11.0569
    endloop
  endfacet
  facet normal -0 -0.336336 -0.941742
    outer loop
      vertex 1.6 16.9827 11.0239
      vertex 0.799999 16.8903 11.0569
      vertex 0.799999 16.9827 11.0239
    endloop
  endfacet
  facet normal 0 0.427955 -0.9038
    outer loop
      vertex 0.799999 8.12861 10.9819
      vertex 1.6 8.21731 11.0239
      vertex 1.6 8.12861 10.9819
    endloop
  endfacet
  facet normal 0 0.427955 -0.9038
    outer loop
      vertex 1.6 8.21731 11.0239
      vertex 0.799999 8.12861 10.9819
      vertex 0.799999 8.21731 11.0239
    endloop
  endfacet
  facet normal 0 0.336304 -0.941753
    outer loop
      vertex 0.799999 8.21731 11.0239
      vertex 1.6 8.30972 11.0569
      vertex 1.6 8.21731 11.0239
    endloop
  endfacet
  facet normal 0 0.336304 -0.941753
    outer loop
      vertex 1.6 8.30972 11.0569
      vertex 0.799999 8.21731 11.0239
      vertex 0.799999 8.30972 11.0569
    endloop
  endfacet
  facet normal 0 -0.427455 0.904036
    outer loop
      vertex 0.799999 17.0714 7.01808
      vertex 1.6 16.9827 6.97614
      vertex 1.6 17.0714 7.01808
    endloop
  endfacet
  facet normal 0 -0.427455 0.904036
    outer loop
      vertex 1.6 16.9827 6.97614
      vertex 0.799999 17.0714 7.01808
      vertex 0.799999 16.9827 6.97614
    endloop
  endfacet
  facet normal 0 -0.740954 0.671556
    outer loop
      vertex 0.799999 17.3071 7.1929
      vertex 1.6 17.373 7.26561
      vertex 0.799999 17.373 7.26561
    endloop
  endfacet
  facet normal 0 -0.740954 0.671556
    outer loop
      vertex 1.6 17.373 7.26561
      vertex 0.799999 17.3071 7.1929
      vertex 1.6 17.3071 7.1929
    endloop
  endfacet
  facet normal 0 -0.941753 0.336304
    outer loop
      vertex 0.799999 17.5239 7.51732
      vertex 1.6 17.5569 7.60973
      vertex 0.799999 17.5569 7.60973
    endloop
  endfacet
  facet normal 0 -0.941753 0.336304
    outer loop
      vertex 1.6 17.5569 7.60973
      vertex 0.799999 17.5239 7.51732
      vertex 1.6 17.5239 7.51732
    endloop
  endfacet
  facet normal -0 0.243015 0.970023
    outer loop
      vertex 0.799999 8.40492 6.91922
      vertex 1.6 8.30972 6.94307
      vertex 1.6 8.40492 6.91922
    endloop
  endfacet
  facet normal 0 0.243015 0.970023
    outer loop
      vertex 1.6 8.30972 6.94307
      vertex 0.799999 8.40492 6.91922
      vertex 0.799999 8.30972 6.94307
    endloop
  endfacet
  facet normal -0 0.514136 0.857709
    outer loop
      vertex 0.799999 8.12861 7.01808
      vertex 1.6 8.04443 7.06854
      vertex 1.6 8.12861 7.01808
    endloop
  endfacet
  facet normal 0 0.514136 0.857709
    outer loop
      vertex 1.6 8.04443 7.06854
      vertex 0.799999 8.12861 7.01808
      vertex 0.799999 8.04443 7.06854
    endloop
  endfacet
  facet normal -0 0.671556 0.740954
    outer loop
      vertex 0.799999 7.9656 7.127
      vertex 1.6 7.89289 7.1929
      vertex 1.6 7.9656 7.127
    endloop
  endfacet
  facet normal 0 0.671556 0.740954
    outer loop
      vertex 1.6 7.89289 7.1929
      vertex 0.799999 7.9656 7.127
      vertex 0.799999 7.89289 7.1929
    endloop
  endfacet
  facet normal 0 -0.59608 -0.802925
    outer loop
      vertex 0.799999 17.1556 10.9315
      vertex 1.6 17.2344 10.873
      vertex 1.6 17.1556 10.9315
    endloop
  endfacet
  facet normal -0 -0.59608 -0.802925
    outer loop
      vertex 1.6 17.2344 10.873
      vertex 0.799999 17.1556 10.9315
      vertex 0.799999 17.2344 10.873
    endloop
  endfacet
  facet normal 0 -0.513596 -0.858032
    outer loop
      vertex 0.799999 17.0714 10.9819
      vertex 1.6 17.1556 10.9315
      vertex 1.6 17.0714 10.9819
    endloop
  endfacet
  facet normal -0 -0.513596 -0.858032
    outer loop
      vertex 1.6 17.1556 10.9315
      vertex 0.799999 17.0714 10.9819
      vertex 0.799999 17.1556 10.9315
    endloop
  endfacet
  facet normal 0 -0.858032 -0.513596
    outer loop
      vertex 0.799999 17.4819 10.5714
      vertex 1.6 17.4315 10.6556
      vertex 0.799999 17.4315 10.6556
    endloop
  endfacet
  facet normal 0 -0.858032 -0.513596
    outer loop
      vertex 1.6 17.4315 10.6556
      vertex 0.799999 17.4819 10.5714
      vertex 1.6 17.4819 10.5714
    endloop
  endfacet
  facet normal 0 1 -0
    outer loop
      vertex 0.799999 6.1 7.25
      vertex 0 6.1 10.75
      vertex 0.799999 6.1 10.75
    endloop
  endfacet
  facet normal 0 1 0
    outer loop
      vertex 0 6.1 10.75
      vertex 0.799999 6.1 7.25
      vertex 0 6.1 7.25
    endloop
  endfacet
  facet normal 0 0.998796 0.049066
    outer loop
      vertex 0.799999 6.10963 7.05397
      vertex 0 6.1 7.25
      vertex 0.799999 6.1 7.25
    endloop
  endfacet
  facet normal 0 0.998796 0.049066
    outer loop
      vertex 0 6.1 7.25
      vertex 0.799999 6.10963 7.05397
      vertex 0 6.10963 7.05397
    endloop
  endfacet
  facet normal 0 0.989169 0.146783
    outer loop
      vertex 0.799999 6.13844 6.85982
      vertex 0 6.10963 7.05397
      vertex 0.799999 6.10963 7.05397
    endloop
  endfacet
  facet normal 0 0.989169 0.146783
    outer loop
      vertex 0 6.10963 7.05397
      vertex 0.799999 6.13844 6.85982
      vertex 0 6.13844 6.85982
    endloop
  endfacet
  facet normal 0 -0.336879 0.941548
    outer loop
      vertex 0 17.8654 5.40224
      vertex 0.799999 17.6806 5.33612
      vertex 0.799999 17.8654 5.40224
    endloop
  endfacet
  facet normal 0 -0.336879 0.941548
    outer loop
      vertex 0.799999 17.6806 5.33612
      vertex 0 17.8654 5.40224
      vertex 0 17.6806 5.33612
    endloop
  endfacet
  facet normal 0 0.0489135 -0.998803
    outer loop
      vertex 0 7.90397 12.7404
      vertex 0.799999 8.1 12.75
      vertex 0.799999 7.90397 12.7404
    endloop
  endfacet
  facet normal 0 0.0489135 -0.998803
    outer loop
      vertex 0.799999 8.1 12.75
      vertex 0 7.90397 12.7404
      vertex 0 8.1 12.75
    endloop
  endfacet
  facet normal 0 0.671505 -0.741
    outer loop
      vertex 0 6.68578 12.1642
      vertex 0.799999 6.83122 12.296
      vertex 0.799999 6.68578 12.1642
    endloop
  endfacet
  facet normal 0 0.671505 -0.741
    outer loop
      vertex 0.799999 6.83122 12.296
      vertex 0 6.68578 12.1642
      vertex 0 6.83122 12.296
    endloop
  endfacet
  facet normal 0 -1 0
    outer loop
      vertex 0 19.1 7.25
      vertex 0.799999 19.1 10.75
      vertex 0 19.1 10.75
    endloop
  endfacet
  facet normal 0 -1 -0
    outer loop
      vertex 0.799999 19.1 10.75
      vertex 0 19.1 7.25
      vertex 0.799999 19.1 7.25
    endloop
  endfacet
  facet normal 0 0.998795 -0.0490735
    outer loop
      vertex 0.799999 6.1 10.75
      vertex 0 6.10963 10.946
      vertex 0.799999 6.10963 10.946
    endloop
  endfacet
  facet normal 0 0.998795 -0.0490735
    outer loop
      vertex 0 6.10963 10.946
      vertex 0.799999 6.1 10.75
      vertex 0 6.1 10.75
    endloop
  endfacet
  facet normal -1 0 0
    outer loop
      vertex 0.799999 17.5239 7.51732
      vertex 0.799999 19.1 7.25
      vertex 0.799999 19.0904 7.05397
    endloop
  endfacet
  facet normal -1 0 0
    outer loop
      vertex 0.799999 19.1 7.25
      vertex 0.799999 17.6 7.90001
      vertex 0.799999 19.1 10.75
    endloop
  endfacet
  facet normal -1 0 0
    outer loop
      vertex 0.799999 17.4819 7.42862
      vertex 0.799999 19.0904 7.05397
      vertex 0.799999 19.0616 6.85982
    endloop
  endfacet
  facet normal -1 0 0
    outer loop
      vertex 0.799999 17.6 10.1
      vertex 0.799999 19.1 10.75
      vertex 0.799999 17.6 7.90001
    endloop
  endfacet
  facet normal -1 0 0
    outer loop
      vertex 0.799999 17.4819 7.42862
      vertex 0.799999 19.0616 6.85982
      vertex 0.799999 19.0139 6.66943
    endloop
  endfacet
  facet normal -1 0 0
    outer loop
      vertex 0.799999 17.5952 10.198
      vertex 0.799999 19.1 10.75
      vertex 0.799999 17.6 10.1
    endloop
  endfacet
  facet normal -1 0 0
    outer loop
      vertex 0.799999 17.4315 7.34444
      vertex 0.799999 19.0139 6.66943
      vertex 0.799999 18.9478 6.48463
    endloop
  endfacet
  facet normal -1 0 0
    outer loop
      vertex 0.799999 17.5808 10.2951
      vertex 0.799999 19.1 10.75
      vertex 0.799999 17.5952 10.198
    endloop
  endfacet
  facet normal -1 0 0
    outer loop
      vertex 0.799999 17.4315 7.34444
      vertex 0.799999 18.9478 6.48463
      vertex 0.799999 18.8638 6.30721
    endloop
  endfacet
  facet normal -1 0 0
    outer loop
      vertex 0.799999 17.5569 10.3903
      vertex 0.799999 19.1 10.75
      vertex 0.799999 17.5808 10.2951
    endloop
  endfacet
  facet normal -1 0 0
    outer loop
      vertex 0.799999 17.373 7.26561
      vertex 0.799999 18.8638 6.30721
      vertex 0.799999 18.7629 6.13885
    endloop
  endfacet
  facet normal -1 0 0
    outer loop
      vertex 0.799999 17.5239 10.4827
      vertex 0.799999 19.1 10.75
      vertex 0.799999 17.5569 10.3903
    endloop
  endfacet
  facet normal -1 0 0
    outer loop
      vertex 0.799999 17.3071 7.1929
      vertex 0.799999 18.7629 6.13885
      vertex 0.799999 18.646 5.98122
    endloop
  endfacet
  facet normal -1 -0 0
    outer loop
      vertex 0.799999 19.1 10.75
      vertex 0.799999 17.5239 10.4827
      vertex 0.799999 19.0904 10.946
    endloop
  endfacet
  facet normal -1 0 0
    outer loop
      vertex 0.799999 17.3071 7.1929
      vertex 0.799999 18.646 5.98122
      vertex 0.799999 18.5142 5.83578
    endloop
  endfacet
  facet normal -1 0 0
    outer loop
      vertex 0.799999 17.4819 10.5714
      vertex 0.799999 19.0904 10.946
      vertex 0.799999 17.5239 10.4827
    endloop
  endfacet
  facet normal -1 0 0
    outer loop
      vertex 0.799999 17.2344 7.127
      vertex 0.799999 18.5142 5.83578
      vertex 0.799999 18.3688 5.70398
    endloop
  endfacet
  facet normal -1 -0 0
    outer loop
      vertex 0.799999 19.0904 10.946
      vertex 0.799999 17.4819 10.5714
      vertex 0.799999 19.0616 11.1402
    endloop
  endfacet
  facet normal -1 0 0
    outer loop
      vertex 0.799999 17.2344 7.127
      vertex 0.799999 18.3688 5.70398
      vertex 0.799999 18.2111 5.58707
    endloop
  endfacet
  facet normal -1 -0 0
    outer loop
      vertex 0.799999 19.0616 11.1402
      vertex 0.799999 17.4819 10.5714
      vertex 0.799999 19.0139 11.3306
    endloop
  endfacet
  facet normal -1 0 0
    outer loop
      vertex 0.799999 17.1556 7.06854
      vertex 0.799999 18.2111 5.58707
      vertex 0.799999 18.0428 5.48616
    endloop
  endfacet
  facet normal -1 0 0
    outer loop
      vertex 0.799999 17.4315 10.6556
      vertex 0.799999 19.0139 11.3306
      vertex 0.799999 17.4819 10.5714
    endloop
  endfacet
  facet normal -1 0 0
    outer loop
      vertex 0.799999 17.0714 7.01808
      vertex 0.799999 18.0428 5.48616
      vertex 0.799999 17.8654 5.40224
    endloop
  endfacet
  facet normal -1 -0 0
    outer loop
      vertex 0.799999 19.0139 11.3306
      vertex 0.799999 17.4315 10.6556
      vertex 0.799999 18.9478 11.5154
    endloop
  endfacet
  facet normal -1 0 0
    outer loop
      vertex 0.799999 17.0714 7.01808
      vertex 0.799999 17.8654 5.40224
      vertex 0.799999 17.6806 5.33612
    endloop
  endfacet
  facet normal -1 -0 0
    outer loop
      vertex 0.799999 18.9478 11.5154
      vertex 0.799999 17.4315 10.6556
      vertex 0.799999 18.8638 11.6928
    endloop
  endfacet
  facet normal -1 0 0
    outer loop
      vertex 0.799999 17.373 10.7344
      vertex 0.799999 18.8638 11.6928
      vertex 0.799999 17.4315 10.6556
    endloop
  endfacet
  facet normal -1 0 0
    outer loop
      vertex 0.799999 19.1 7.25
      vertex 0.799999 17.5952 7.80199
      vertex 0.799999 17.6 7.90001
    endloop
  endfacet
  facet normal -1 0 0
    outer loop
      vertex 0.799999 19.1 7.25
      vertex 0.799999 17.5808 7.70493
      vertex 0.799999 17.5952 7.80199
    endloop
  endfacet
  facet normal -1 0 0
    outer loop
      vertex 0.799999 19.1 7.25
      vertex 0.799999 17.5569 7.60973
      vertex 0.799999 17.5808 7.70493
    endloop
  endfacet
  facet normal -1 0 0
    outer loop
      vertex 0.799999 19.1 7.25
      vertex 0.799999 17.5239 7.51732
      vertex 0.799999 17.5569 7.60973
    endloop
  endfacet
  facet normal -1 0 0
    outer loop
      vertex 0.799999 16.9827 6.97614
      vertex 0.799999 17.6806 5.33612
      vertex 0.799999 17.4902 5.28844
    endloop
  endfacet
  facet normal -1 0 0
    outer loop
      vertex 0.799999 19.0904 7.05397
      vertex 0.799999 17.4819 7.42862
      vertex 0.799999 17.5239 7.51732
    endloop
  endfacet
  facet normal -1 0 0
    outer loop
      vertex 0.799999 19.0139 6.66943
      vertex 0.799999 17.4315 7.34444
      vertex 0.799999 17.4819 7.42862
    endloop
  endfacet
  facet normal -1 0 0
    outer loop
      vertex 0.799999 18.8638 6.30721
      vertex 0.799999 17.373 7.26561
      vertex 0.799999 17.4315 7.34444
    endloop
  endfacet
  facet normal -1 0 0
    outer loop
      vertex 0.799999 18.7629 6.13885
      vertex 0.799999 17.3071 7.1929
      vertex 0.799999 17.373 7.26561
    endloop
  endfacet
  facet normal -1 0 0
    outer loop
      vertex 0.799999 16.9827 6.97614
      vertex 0.799999 17.4902 5.28844
      vertex 0.799999 17.296 5.25963
    endloop
  endfacet
  facet normal -1 0 0
    outer loop
      vertex 0.799999 18.5142 5.83578
      vertex 0.799999 17.2344 7.127
      vertex 0.799999 17.3071 7.1929
    endloop
  endfacet
  facet normal -1 0 0
    outer loop
      vertex 0.799999 18.2111 5.58707
      vertex 0.799999 17.1556 7.06854
      vertex 0.799999 17.2344 7.127
    endloop
  endfacet
  facet normal -1 0 0
    outer loop
      vertex 0.799999 16.8903 6.94307
      vertex 0.799999 17.296 5.25963
      vertex 0.799999 17.1 5.25
    endloop
  endfacet
  facet normal -1 0 0
    outer loop
      vertex 0.799999 18.0428 5.48616
      vertex 0.799999 17.0714 7.01808
      vertex 0.799999 17.1556 7.06854
    endloop
  endfacet
  facet normal -1 0 0
    outer loop
      vertex 0.799999 17.6806 5.33612
      vertex 0.799999 16.9827 6.97614
      vertex 0.799999 17.0714 7.01808
    endloop
  endfacet
  facet normal -1 0 0
    outer loop
      vertex 0.799999 17.296 5.25963
      vertex 0.799999 16.8903 6.94307
      vertex 0.799999 16.9827 6.97614
    endloop
  endfacet
  facet normal -1 0 0
    outer loop
      vertex 0.799999 17.1 5.25
      vertex 0.799999 16.7951 6.91922
      vertex 0.799999 16.8903 6.94307
    endloop
  endfacet
  facet normal -1 0 0
    outer loop
      vertex 0.799999 17.1 5.25
      vertex 0.799999 16.698 6.90483
      vertex 0.799999 16.7951 6.91922
    endloop
  endfacet
  facet normal -1 0 0
    outer loop
      vertex 0.799999 17.1 5.25
      vertex 0.799999 16.6 6.90001
      vertex 0.799999 16.698 6.90483
    endloop
  endfacet
  facet normal -1 0 0
    outer loop
      vertex 0.799999 17.1 5.25
      vertex 0.799999 8.6 6.90001
      vertex 0.799999 16.6 6.90001
    endloop
  endfacet
  facet normal -1 0 0
    outer loop
      vertex 0.799999 8.1 5.25
      vertex 0.799999 8.6 6.90001
      vertex 0.799999 17.1 5.25
    endloop
  endfacet
  facet normal -1 -0 0
    outer loop
      vertex 0.799999 8.6 6.90001
      vertex 0.799999 8.1 5.25
      vertex 0.799999 8.50198 6.90483
    endloop
  endfacet
  facet normal -1 -0 0
    outer loop
      vertex 0.799999 8.50198 6.90483
      vertex 0.799999 8.1 5.25
      vertex 0.799999 8.40492 6.91922
    endloop
  endfacet
  facet normal -1 0 0
    outer loop
      vertex 0.799999 8.1 5.25
      vertex 0.799999 8.30972 6.94307
      vertex 0.799999 8.40492 6.91922
    endloop
  endfacet
  facet normal -1 0 0
    outer loop
      vertex 0.799999 7.90397 5.25963
      vertex 0.799999 8.30972 6.94307
      vertex 0.799999 8.1 5.25
    endloop
  endfacet
  facet normal -1 -0 0
    outer loop
      vertex 0.799999 8.30972 6.94307
      vertex 0.799999 7.90397 5.25963
      vertex 0.799999 8.21731 6.97614
    endloop
  endfacet
  facet normal -1 0 0
    outer loop
      vertex 0.799999 7.70982 5.28844
      vertex 0.799999 8.21731 6.97614
      vertex 0.799999 7.90397 5.25963
    endloop
  endfacet
  facet normal -1 0 0
    outer loop
      vertex 0.799999 7.51943 5.33612
      vertex 0.799999 8.21731 6.97614
      vertex 0.799999 7.70982 5.28844
    endloop
  endfacet
  facet normal -1 -0 0
    outer loop
      vertex 0.799999 8.21731 6.97614
      vertex 0.799999 7.51943 5.33612
      vertex 0.799999 8.12861 7.01808
    endloop
  endfacet
  facet normal -1 0 0
    outer loop
      vertex 0.799999 7.33463 5.40224
      vertex 0.799999 8.12861 7.01808
      vertex 0.799999 7.51943 5.33612
    endloop
  endfacet
  facet normal -1 0 0
    outer loop
      vertex 0.799999 7.15721 5.48616
      vertex 0.799999 8.12861 7.01808
      vertex 0.799999 7.33463 5.40224
    endloop
  endfacet
  facet normal -1 -0 0
    outer loop
      vertex 0.799999 8.12861 7.01808
      vertex 0.799999 7.15721 5.48616
      vertex 0.799999 8.04443 7.06854
    endloop
  endfacet
  facet normal -1 0 0
    outer loop
      vertex 0.799999 6.98885 5.58707
      vertex 0.799999 8.04443 7.06854
      vertex 0.799999 7.15721 5.48616
    endloop
  endfacet
  facet normal -1 -0 0
    outer loop
      vertex 0.799999 8.04443 7.06854
      vertex 0.799999 6.98885 5.58707
      vertex 0.799999 7.9656 7.127
    endloop
  endfacet
  facet normal -1 0 0
    outer loop
      vertex 0.799999 6.83122 5.70398
      vertex 0.799999 7.9656 7.127
      vertex 0.799999 6.98885 5.58707
    endloop
  endfacet
  facet normal -1 0 0
    outer loop
      vertex 0.799999 6.68578 5.83578
      vertex 0.799999 7.9656 7.127
      vertex 0.799999 6.83122 5.70398
    endloop
  endfacet
  facet normal -1 -0 0
    outer loop
      vertex 0.799999 7.9656 7.127
      vertex 0.799999 6.68578 5.83578
      vertex 0.799999 7.89289 7.1929
    endloop
  endfacet
  facet normal -1 0 0
    outer loop
      vertex 0.799999 6.55398 5.98122
      vertex 0.799999 7.89289 7.1929
      vertex 0.799999 6.68578 5.83578
    endloop
  endfacet
  facet normal -1 0 0
    outer loop
      vertex 0.799999 6.43707 6.13885
      vertex 0.799999 7.89289 7.1929
      vertex 0.799999 6.55398 5.98122
    endloop
  endfacet
  facet normal -1 0 0
    outer loop
      vertex 0.799999 6.33616 6.30721
      vertex 0.799999 7.82699 7.26561
      vertex 0.799999 6.43707 6.13885
    endloop
  endfacet
  facet normal -1 -0 0
    outer loop
      vertex 0.799999 7.89289 7.1929
      vertex 0.799999 6.43707 6.13885
      vertex 0.799999 7.82699 7.26561
    endloop
  endfacet
  facet normal -1 -0 0
    outer loop
      vertex 0.799999 18.8638 11.6928
      vertex 0.799999 17.373 10.7344
      vertex 0.799999 18.7629 11.8611
    endloop
  endfacet
  facet normal -1 0 0
    outer loop
      vertex 0.799999 17.3071 10.8071
      vertex 0.799999 18.7629 11.8611
      vertex 0.799999 17.373 10.7344
    endloop
  endfacet
  facet normal -1 -0 0
    outer loop
      vertex 0.799999 18.7629 11.8611
      vertex 0.799999 17.3071 10.8071
      vertex 0.799999 18.646 12.0188
    endloop
  endfacet
  facet normal -1 -0 0
    outer loop
      vertex 0.799999 18.646 12.0188
      vertex 0.799999 17.3071 10.8071
      vertex 0.799999 18.5142 12.1642
    endloop
  endfacet
  facet normal -1 0 0
    outer loop
      vertex 0.799999 17.2344 10.873
      vertex 0.799999 18.5142 12.1642
      vertex 0.799999 17.3071 10.8071
    endloop
  endfacet
  facet normal -1 -0 0
    outer loop
      vertex 0.799999 18.5142 12.1642
      vertex 0.799999 17.2344 10.873
      vertex 0.799999 18.3688 12.296
    endloop
  endfacet
  facet normal -1 -0 0
    outer loop
      vertex 0.799999 18.3688 12.296
      vertex 0.799999 17.2344 10.873
      vertex 0.799999 18.2111 12.4129
    endloop
  endfacet
  facet normal -1 0 0
    outer loop
      vertex 0.799999 17.1556 10.9315
      vertex 0.799999 18.2111 12.4129
      vertex 0.799999 17.2344 10.873
    endloop
  endfacet
  facet normal -1 -0 0
    outer loop
      vertex 0.799999 18.2111 12.4129
      vertex 0.799999 17.1556 10.9315
      vertex 0.799999 18.0428 12.5138
    endloop
  endfacet
  facet normal -1 0 0
    outer loop
      vertex 0.799999 17.0714 10.9819
      vertex 0.799999 18.0428 12.5138
      vertex 0.799999 17.1556 10.9315
    endloop
  endfacet
  facet normal -1 -0 0
    outer loop
      vertex 0.799999 18.0428 12.5138
      vertex 0.799999 17.0714 10.9819
      vertex 0.799999 17.8654 12.5978
    endloop
  endfacet
  facet normal -1 -0 0
    outer loop
      vertex 0.799999 17.8654 12.5978
      vertex 0.799999 17.0714 10.9819
      vertex 0.799999 17.6806 12.6639
    endloop
  endfacet
  facet normal -1 0 0
    outer loop
      vertex 0.799999 16.9827 11.0239
      vertex 0.799999 17.6806 12.6639
      vertex 0.799999 17.0714 10.9819
    endloop
  endfacet
  facet normal -1 -0 0
    outer loop
      vertex 0.799999 17.6806 12.6639
      vertex 0.799999 16.9827 11.0239
      vertex 0.799999 17.4902 12.7116
    endloop
  endfacet
  facet normal -1 -0 0
    outer loop
      vertex 0.799999 17.4902 12.7116
      vertex 0.799999 16.9827 11.0239
      vertex 0.799999 17.296 12.7404
    endloop
  endfacet
  facet normal -1 0 0
    outer loop
      vertex 0.799999 16.8903 11.0569
      vertex 0.799999 17.296 12.7404
      vertex 0.799999 16.9827 11.0239
    endloop
  endfacet
  facet normal -1 -0 0
    outer loop
      vertex 0.799999 17.296 12.7404
      vertex 0.799999 16.8903 11.0569
      vertex 0.799999 17.1 12.75
    endloop
  endfacet
  facet normal -1 0 0
    outer loop
      vertex 0.799999 16.7951 11.0808
      vertex 0.799999 17.1 12.75
      vertex 0.799999 16.8903 11.0569
    endloop
  endfacet
  facet normal -1 0 0
    outer loop
      vertex 0.799999 16.698 11.0952
      vertex 0.799999 17.1 12.75
      vertex 0.799999 16.7951 11.0808
    endloop
  endfacet
  facet normal -1 0 0
    outer loop
      vertex 0.799999 16.6 11.1
      vertex 0.799999 17.1 12.75
      vertex 0.799999 16.698 11.0952
    endloop
  endfacet
  facet normal -1 0 0
    outer loop
      vertex 0.799999 8.6 11.1
      vertex 0.799999 17.1 12.75
      vertex 0.799999 16.6 11.1
    endloop
  endfacet
  facet normal -1 0 0
    outer loop
      vertex 0.799999 8.1 12.75
      vertex 0.799999 8.6 11.1
      vertex 0.799999 8.50198 11.0952
    endloop
  endfacet
  facet normal -1 0 0
    outer loop
      vertex 0.799999 8.1 12.75
      vertex 0.799999 8.50198 11.0952
      vertex 0.799999 8.40492 11.0808
    endloop
  endfacet
  facet normal -1 0 0
    outer loop
      vertex 0.799999 8.6 11.1
      vertex 0.799999 8.1 12.75
      vertex 0.799999 17.1 12.75
    endloop
  endfacet
  facet normal -1 0 0
    outer loop
      vertex 0.799999 8.30972 11.0569
      vertex 0.799999 8.1 12.75
      vertex 0.799999 8.40492 11.0808
    endloop
  endfacet
  facet normal -1 0 0
    outer loop
      vertex 0.799999 7.90397 12.7404
      vertex 0.799999 8.30972 11.0569
      vertex 0.799999 8.21731 11.0239
    endloop
  endfacet
  facet normal -1 0 0
    outer loop
      vertex 0.799999 7.51943 12.6639
      vertex 0.799999 8.21731 11.0239
      vertex 0.799999 8.12861 10.9819
    endloop
  endfacet
  facet normal -1 0 0
    outer loop
      vertex 0.799999 7.15721 12.5138
      vertex 0.799999 8.12861 10.9819
      vertex 0.799999 8.04443 10.9315
    endloop
  endfacet
  facet normal -1 0 0
    outer loop
      vertex 0.799999 6.98885 12.4129
      vertex 0.799999 8.04443 10.9315
      vertex 0.799999 7.9656 10.873
    endloop
  endfacet
  facet normal -1 0 0
    outer loop
      vertex 0.799999 8.30972 11.0569
      vertex 0.799999 7.90397 12.7404
      vertex 0.799999 8.1 12.75
    endloop
  endfacet
  facet normal -1 0 0
    outer loop
      vertex 0.799999 6.68578 12.1642
      vertex 0.799999 7.9656 10.873
      vertex 0.799999 7.89289 10.8071
    endloop
  endfacet
  facet normal -1 0 0
    outer loop
      vertex 0.799999 6.43707 11.8611
      vertex 0.799999 7.89289 10.8071
      vertex 0.799999 7.82699 10.7344
    endloop
  endfacet
  facet normal -1 0 0
    outer loop
      vertex 0.799999 6.33616 11.6928
      vertex 0.799999 7.82699 10.7344
      vertex 0.799999 7.76853 10.6556
    endloop
  endfacet
  facet normal -1 0 0
    outer loop
      vertex 0.799999 6.18612 11.3306
      vertex 0.799999 7.76853 10.6556
      vertex 0.799999 7.71807 10.5714
    endloop
  endfacet
  facet normal -1 0 0
    outer loop
      vertex 0.799999 8.21731 11.0239
      vertex 0.799999 7.70982 12.7116
      vertex 0.799999 7.90397 12.7404
    endloop
  endfacet
  facet normal -1 0 0
    outer loop
      vertex 0.799999 6.10963 10.946
      vertex 0.799999 7.71807 10.5714
      vertex 0.799999 7.67613 10.4827
    endloop
  endfacet
  facet normal -1 0 0
    outer loop
      vertex 0.799999 6.1 10.75
      vertex 0.799999 7.67613 10.4827
      vertex 0.799999 7.64306 10.3903
    endloop
  endfacet
  facet normal -1 0 0
    outer loop
      vertex 0.799999 6.1 10.75
      vertex 0.799999 7.64306 10.3903
      vertex 0.799999 7.61921 10.2951
    endloop
  endfacet
  facet normal -1 0 0
    outer loop
      vertex 0.799999 6.1 10.75
      vertex 0.799999 7.61921 10.2951
      vertex 0.799999 7.60482 10.198
    endloop
  endfacet
  facet normal -1 0 0
    outer loop
      vertex 0.799999 6.1 10.75
      vertex 0.799999 7.60482 10.198
      vertex 0.799999 7.6 10.1
    endloop
  endfacet
  facet normal -1 0 0
    outer loop
      vertex 0.799999 8.21731 11.0239
      vertex 0.799999 7.51943 12.6639
      vertex 0.799999 7.70982 12.7116
    endloop
  endfacet
  facet normal -1 -0 0
    outer loop
      vertex 0.799999 7.6 7.90001
      vertex 0.799999 6.1 7.25
      vertex 0.799999 7.6 10.1
    endloop
  endfacet
  facet normal -1 -0 0
    outer loop
      vertex 0.799999 7.82699 7.26561
      vertex 0.799999 6.33616 6.30721
      vertex 0.799999 7.76853 7.34444
    endloop
  endfacet
  facet normal -1 0 0
    outer loop
      vertex 0.799999 6.1 10.75
      vertex 0.799999 7.6 10.1
      vertex 0.799999 6.1 7.25
    endloop
  endfacet
  facet normal -1 0 0
    outer loop
      vertex 0.799999 6.25224 6.48463
      vertex 0.799999 7.76853 7.34444
      vertex 0.799999 6.33616 6.30721
    endloop
  endfacet
  facet normal -1 0 0
    outer loop
      vertex 0.799999 7.67613 10.4827
      vertex 0.799999 6.1 10.75
      vertex 0.799999 6.10963 10.946
    endloop
  endfacet
  facet normal -1 0 0
    outer loop
      vertex 0.799999 6.18612 6.66943
      vertex 0.799999 7.76853 7.34444
      vertex 0.799999 6.25224 6.48463
    endloop
  endfacet
  facet normal -1 0 0
    outer loop
      vertex 0.799999 8.12861 10.9819
      vertex 0.799999 7.33463 12.5978
      vertex 0.799999 7.51943 12.6639
    endloop
  endfacet
  facet normal -1 -0 0
    outer loop
      vertex 0.799999 7.76853 7.34444
      vertex 0.799999 6.18612 6.66943
      vertex 0.799999 7.71807 7.42862
    endloop
  endfacet
  facet normal -1 0 0
    outer loop
      vertex 0.799999 8.12861 10.9819
      vertex 0.799999 7.15721 12.5138
      vertex 0.799999 7.33463 12.5978
    endloop
  endfacet
  facet normal -1 0 0
    outer loop
      vertex 0.799999 6.13844 6.85982
      vertex 0.799999 7.71807 7.42862
      vertex 0.799999 6.18612 6.66943
    endloop
  endfacet
  facet normal -1 0 0
    outer loop
      vertex 0.799999 8.04443 10.9315
      vertex 0.799999 6.98885 12.4129
      vertex 0.799999 7.15721 12.5138
    endloop
  endfacet
  facet normal -1 0 0
    outer loop
      vertex 0.799999 6.10963 7.05397
      vertex 0.799999 7.71807 7.42862
      vertex 0.799999 6.13844 6.85982
    endloop
  endfacet
  facet normal -1 0 0
    outer loop
      vertex 0.799999 7.9656 10.873
      vertex 0.799999 6.83122 12.296
      vertex 0.799999 6.98885 12.4129
    endloop
  endfacet
  facet normal -1 -0 0
    outer loop
      vertex 0.799999 7.71807 7.42862
      vertex 0.799999 6.10963 7.05397
      vertex 0.799999 7.67613 7.51732
    endloop
  endfacet
  facet normal -1 0 0
    outer loop
      vertex 0.799999 7.9656 10.873
      vertex 0.799999 6.68578 12.1642
      vertex 0.799999 6.83122 12.296
    endloop
  endfacet
  facet normal -1 0 0
    outer loop
      vertex 0.799999 6.1 7.25
      vertex 0.799999 7.67613 7.51732
      vertex 0.799999 6.10963 7.05397
    endloop
  endfacet
  facet normal -1 0 0
    outer loop
      vertex 0.799999 7.89289 10.8071
      vertex 0.799999 6.55398 12.0188
      vertex 0.799999 6.68578 12.1642
    endloop
  endfacet
  facet normal -1 -0 0
    outer loop
      vertex 0.799999 7.67613 7.51732
      vertex 0.799999 6.1 7.25
      vertex 0.799999 7.64306 7.60973
    endloop
  endfacet
  facet normal -1 0 0
    outer loop
      vertex 0.799999 7.89289 10.8071
      vertex 0.799999 6.43707 11.8611
      vertex 0.799999 6.55398 12.0188
    endloop
  endfacet
  facet normal -1 -0 0
    outer loop
      vertex 0.799999 7.64306 7.60973
      vertex 0.799999 6.1 7.25
      vertex 0.799999 7.61921 7.70493
    endloop
  endfacet
  facet normal -1 0 0
    outer loop
      vertex 0.799999 7.82699 10.7344
      vertex 0.799999 6.33616 11.6928
      vertex 0.799999 6.43707 11.8611
    endloop
  endfacet
  facet normal -1 -0 0
    outer loop
      vertex 0.799999 7.61921 7.70493
      vertex 0.799999 6.1 7.25
      vertex 0.799999 7.60482 7.80199
    endloop
  endfacet
  facet normal -1 0 0
    outer loop
      vertex 0.799999 7.76853 10.6556
      vertex 0.799999 6.25224 11.5154
      vertex 0.799999 6.33616 11.6928
    endloop
  endfacet
  facet normal -1 -0 0
    outer loop
      vertex 0.799999 7.60482 7.80199
      vertex 0.799999 6.1 7.25
      vertex 0.799999 7.6 7.90001
    endloop
  endfacet
  facet normal -1 0 0
    outer loop
      vertex 0.799999 7.76853 10.6556
      vertex 0.799999 6.18612 11.3306
      vertex 0.799999 6.25224 11.5154
    endloop
  endfacet
  facet normal -1 0 0
    outer loop
      vertex 0.799999 7.71807 10.5714
      vertex 0.799999 6.13844 11.1402
      vertex 0.799999 6.18612 11.3306
    endloop
  endfacet
  facet normal -1 0 0
    outer loop
      vertex 0.799999 7.71807 10.5714
      vertex 0.799999 6.10963 10.946
      vertex 0.799999 6.13844 11.1402
    endloop
  endfacet
  facet normal 0 -0.998803 -0.0489209
    outer loop
      vertex 0 19.1 10.75
      vertex 0.799999 19.0904 10.946
      vertex 0 19.0904 10.946
    endloop
  endfacet
  facet normal 0 -0.998803 -0.0489209
    outer loop
      vertex 0.799999 19.0904 10.946
      vertex 0 19.1 10.75
      vertex 0.799999 19.1 10.75
    endloop
  endfacet
  facet normal -0 0.049066 0.998796
    outer loop
      vertex 0 8.1 5.25
      vertex 0.799999 7.90397 5.25963
      vertex 0.799999 8.1 5.25
    endloop
  endfacet
  facet normal 0 0.049066 0.998796
    outer loop
      vertex 0.799999 7.90397 5.25963
      vertex 0 8.1 5.25
      vertex 0 7.90397 5.25963
    endloop
  endfacet
  facet normal 0 -0.741 0.671505
    outer loop
      vertex 0 18.5142 5.83578
      vertex 0.799999 18.646 5.98122
      vertex 0 18.646 5.98122
    endloop
  endfacet
  facet normal 0 -0.741 0.671505
    outer loop
      vertex 0.799999 18.646 5.98122
      vertex 0 18.5142 5.83578
      vertex 0.799999 18.5142 5.83578
    endloop
  endfacet
  facet normal 0 -0.998803 0.0489135
    outer loop
      vertex 0 19.0904 7.05397
      vertex 0.799999 19.1 7.25
      vertex 0 19.1 7.25
    endloop
  endfacet
  facet normal 0 -0.998803 0.0489135
    outer loop
      vertex 0.799999 19.1 7.25
      vertex 0 19.0904 7.05397
      vertex 0.799999 19.0904 7.05397
    endloop
  endfacet
  facet normal 0 -0.80335 -0.595508
    outer loop
      vertex 0 18.7629 11.8611
      vertex 0.799999 18.646 12.0188
      vertex 0 18.646 12.0188
    endloop
  endfacet
  facet normal 0 -0.80335 -0.595508
    outer loop
      vertex 0.799999 18.646 12.0188
      vertex 0 18.7629 11.8611
      vertex 0.799999 18.7629 11.8611
    endloop
  endfacet
  facet normal 0 -0.243015 -0.970023
    outer loop
      vertex 0 17.4902 12.7116
      vertex 0.799999 17.6806 12.6639
      vertex 0.799999 17.4902 12.7116
    endloop
  endfacet
  facet normal -0 -0.243015 -0.970023
    outer loop
      vertex 0.799999 17.6806 12.6639
      vertex 0 17.4902 12.7116
      vertex 0 17.6806 12.6639
    endloop
  endfacet
  facet normal 0 0.146733 -0.989176
    outer loop
      vertex 0 7.70982 12.7116
      vertex 0.799999 7.90397 12.7404
      vertex 0.799999 7.70982 12.7116
    endloop
  endfacet
  facet normal 0 0.146733 -0.989176
    outer loop
      vertex 0.799999 7.90397 12.7404
      vertex 0 7.70982 12.7116
      vertex 0 7.90397 12.7404
    endloop
  endfacet
  facet normal 0 0.336788 -0.94158
    outer loop
      vertex 0 7.33463 12.5978
      vertex 0.799999 7.51943 12.6639
      vertex 0.799999 7.33463 12.5978
    endloop
  endfacet
  facet normal 0 0.336788 -0.94158
    outer loop
      vertex 0.799999 7.51943 12.6639
      vertex 0 7.33463 12.5978
      vertex 0 7.51943 12.6639
    endloop
  endfacet
  facet normal 0 0.989174 -0.146746
    outer loop
      vertex 0.799999 6.10963 10.946
      vertex 0 6.13844 11.1402
      vertex 0.799999 6.13844 11.1402
    endloop
  endfacet
  facet normal 0 0.989174 -0.146746
    outer loop
      vertex 0 6.13844 11.1402
      vertex 0.799999 6.10963 10.946
      vertex 0 6.10963 10.946
    endloop
  endfacet
  facet normal 0 0.903976 0.427583
    outer loop
      vertex 0.799999 6.33616 6.30721
      vertex 0 6.25224 6.48463
      vertex 0.799999 6.25224 6.48463
    endloop
  endfacet
  facet normal 0 0.903976 0.427583
    outer loop
      vertex 0 6.25224 6.48463
      vertex 0.799999 6.33616 6.30721
      vertex 0 6.33616 6.30721
    endloop
  endfacet
  facet normal -0 0.146783 0.989169
    outer loop
      vertex 0 7.90397 5.25963
      vertex 0.799999 7.70982 5.28844
      vertex 0.799999 7.90397 5.25963
    endloop
  endfacet
  facet normal 0 0.146783 0.989169
    outer loop
      vertex 0.799999 7.70982 5.28844
      vertex 0 7.90397 5.25963
      vertex 0 7.70982 5.28844
    endloop
  endfacet
  facet normal 0 -0.0490735 0.998795
    outer loop
      vertex 0 17.296 5.25963
      vertex 0.799999 17.1 5.25
      vertex 0.799999 17.296 5.25963
    endloop
  endfacet
  facet normal 0 -0.0490735 0.998795
    outer loop
      vertex 0.799999 17.1 5.25
      vertex 0 17.296 5.25963
      vertex 0 17.1 5.25
    endloop
  endfacet
  facet normal 0 -0.146746 0.989174
    outer loop
      vertex 0 17.4902 5.28844
      vertex 0.799999 17.296 5.25963
      vertex 0.799999 17.4902 5.28844
    endloop
  endfacet
  facet normal 0 -0.146746 0.989174
    outer loop
      vertex 0.799999 17.296 5.25963
      vertex 0 17.4902 5.28844
      vertex 0 17.296 5.25963
    endloop
  endfacet
  facet normal 0 -0.671607 0.740908
    outer loop
      vertex 0 18.5142 5.83578
      vertex 0.799999 18.3688 5.70398
      vertex 0.799999 18.5142 5.83578
    endloop
  endfacet
  facet normal 0 -0.671607 0.740908
    outer loop
      vertex 0.799999 18.3688 5.70398
      vertex 0 18.5142 5.83578
      vertex 0 18.3688 5.70398
    endloop
  endfacet
  facet normal 0 -0.514233 0.85765
    outer loop
      vertex 0 18.2111 5.58707
      vertex 0.799999 18.0428 5.48616
      vertex 0.799999 18.2111 5.58707
    endloop
  endfacet
  facet normal 0 -0.514233 0.85765
    outer loop
      vertex 0.799999 18.0428 5.48616
      vertex 0 18.2111 5.58707
      vertex 0 18.0428 5.48616
    endloop
  endfacet
  facet normal 0 -0.989182 -0.146696
    outer loop
      vertex 0 19.0904 10.946
      vertex 0.799999 19.0616 11.1402
      vertex 0 19.0616 11.1402
    endloop
  endfacet
  facet normal 0 -0.989182 -0.146696
    outer loop
      vertex 0.799999 19.0616 11.1402
      vertex 0 19.0904 10.946
      vertex 0.799999 19.0904 10.946
    endloop
  endfacet
  facet normal 0 -0.857673 -0.514196
    outer loop
      vertex 0 18.8638 11.6928
      vertex 0.799999 18.7629 11.8611
      vertex 0 18.7629 11.8611
    endloop
  endfacet
  facet normal 0 -0.857673 -0.514196
    outer loop
      vertex 0.799999 18.7629 11.8611
      vertex 0 18.8638 11.6928
      vertex 0.799999 18.8638 11.6928
    endloop
  endfacet
  facet normal 0 -0.740908 -0.671607
    outer loop
      vertex 0 18.646 12.0188
      vertex 0.799999 18.5142 12.1642
      vertex 0 18.5142 12.1642
    endloop
  endfacet
  facet normal 0 -0.740908 -0.671607
    outer loop
      vertex 0.799999 18.5142 12.1642
      vertex 0 18.646 12.0188
      vertex 0.799999 18.646 12.0188
    endloop
  endfacet
  facet normal 0 -0.427955 -0.9038
    outer loop
      vertex 0 17.8654 12.5978
      vertex 0.799999 18.0428 12.5138
      vertex 0.799999 17.8654 12.5978
    endloop
  endfacet
  facet normal -0 -0.427955 -0.9038
    outer loop
      vertex 0.799999 18.0428 12.5138
      vertex 0 17.8654 12.5978
      vertex 0 18.0428 12.5138
    endloop
  endfacet
  facet normal 0 -0.336788 -0.94158
    outer loop
      vertex 0 17.6806 12.6639
      vertex 0.799999 17.8654 12.5978
      vertex 0.799999 17.6806 12.6639
    endloop
  endfacet
  facet normal -0 -0.336788 -0.94158
    outer loop
      vertex 0.799999 17.8654 12.5978
      vertex 0 17.6806 12.6639
      vertex 0 17.8654 12.5978
    endloop
  endfacet
  facet normal 0 0.243027 -0.970019
    outer loop
      vertex 0 7.51943 12.6639
      vertex 0.799999 7.70982 12.7116
      vertex 0.799999 7.51943 12.6639
    endloop
  endfacet
  facet normal 0 0.243027 -0.970019
    outer loop
      vertex 0.799999 7.70982 12.7116
      vertex 0 7.51943 12.6639
      vertex 0 7.70982 12.7116
    endloop
  endfacet
  facet normal 0 0 -1
    outer loop
      vertex 0 8.1 12.75
      vertex 0.799999 17.1 12.75
      vertex 0.799999 8.1 12.75
    endloop
  endfacet
  facet normal -0 0 -1
    outer loop
      vertex 0.799999 17.1 12.75
      vertex 0 8.1 12.75
      vertex 0 17.1 12.75
    endloop
  endfacet
  facet normal 0 0.427916 -0.903819
    outer loop
      vertex 0 7.15721 12.5138
      vertex 0.799999 7.33463 12.5978
      vertex 0.799999 7.15721 12.5138
    endloop
  endfacet
  facet normal 0 0.427916 -0.903819
    outer loop
      vertex 0.799999 7.33463 12.5978
      vertex 0 7.15721 12.5138
      vertex 0 7.33463 12.5978
    endloop
  endfacet
  facet normal 0 0.941548 -0.336879
    outer loop
      vertex 0.799999 6.18612 11.3306
      vertex 0 6.25224 11.5154
      vertex 0.799999 6.25224 11.5154
    endloop
  endfacet
  facet normal 0 0.941548 -0.336879
    outer loop
      vertex 0 6.25224 11.5154
      vertex 0.799999 6.18612 11.3306
      vertex 0 6.18612 11.3306
    endloop
  endfacet
  facet normal 0 0.903958 -0.427622
    outer loop
      vertex 0.799999 6.25224 11.5154
      vertex 0 6.33616 11.6928
      vertex 0.799999 6.33616 11.6928
    endloop
  endfacet
  facet normal 0 0.903958 -0.427622
    outer loop
      vertex 0 6.33616 11.6928
      vertex 0.799999 6.25224 11.5154
      vertex 0 6.25224 11.5154
    endloop
  endfacet
  facet normal 0 0.970047 -0.242919
    outer loop
      vertex 0.799999 6.13844 11.1402
      vertex 0 6.18612 11.3306
      vertex 0.799999 6.18612 11.3306
    endloop
  endfacet
  facet normal 0 0.970047 -0.242919
    outer loop
      vertex 0 6.18612 11.3306
      vertex 0.799999 6.13844 11.1402
      vertex 0 6.13844 11.1402
    endloop
  endfacet
  facet normal 0 0.803325 -0.595541
    outer loop
      vertex 0.799999 6.43707 11.8611
      vertex 0 6.55398 12.0188
      vertex 0.799999 6.55398 12.0188
    endloop
  endfacet
  facet normal 0 0.803325 -0.595541
    outer loop
      vertex 0 6.55398 12.0188
      vertex 0.799999 6.43707 11.8611
      vertex 0 6.43707 11.8611
    endloop
  endfacet
  facet normal 0 0.740908 -0.671607
    outer loop
      vertex 0.799999 6.55398 12.0188
      vertex 0 6.68578 12.1642
      vertex 0.799999 6.68578 12.1642
    endloop
  endfacet
  facet normal 0 0.740908 -0.671607
    outer loop
      vertex 0 6.68578 12.1642
      vertex 0.799999 6.55398 12.0188
      vertex 0 6.55398 12.0188
    endloop
  endfacet
  facet normal -0 0.336879 0.941548
    outer loop
      vertex 0 7.51943 5.33612
      vertex 0.799999 7.33463 5.40224
      vertex 0.799999 7.51943 5.33612
    endloop
  endfacet
  facet normal 0 0.336879 0.941548
    outer loop
      vertex 0.799999 7.33463 5.40224
      vertex 0 7.51943 5.33612
      vertex 0 7.33463 5.40224
    endloop
  endfacet
  facet normal 0 0.741 0.671505
    outer loop
      vertex 0.799999 6.68578 5.83578
      vertex 0 6.55398 5.98122
      vertex 0.799999 6.55398 5.98122
    endloop
  endfacet
  facet normal 0 0.741 0.671505
    outer loop
      vertex 0 6.55398 5.98122
      vertex 0.799999 6.68578 5.83578
      vertex 0 6.68578 5.83578
    endloop
  endfacet
  facet normal -0 0 1
    outer loop
      vertex 0 17.1 5.25
      vertex 0.799999 8.1 5.25
      vertex 0.799999 17.1 5.25
    endloop
  endfacet
  facet normal 0 0 1
    outer loop
      vertex 0.799999 8.1 5.25
      vertex 0 17.1 5.25
      vertex 0 8.1 5.25
    endloop
  endfacet
  facet normal 0 -0.242919 0.970047
    outer loop
      vertex 0 17.6806 5.33612
      vertex 0.799999 17.4902 5.28844
      vertex 0.799999 17.6806 5.33612
    endloop
  endfacet
  facet normal 0 -0.242919 0.970047
    outer loop
      vertex 0.799999 17.4902 5.28844
      vertex 0 17.6806 5.33612
      vertex 0 17.4902 5.28844
    endloop
  endfacet
  facet normal 0 -0.595541 0.803325
    outer loop
      vertex 0 18.3688 5.70398
      vertex 0.799999 18.2111 5.58707
      vertex 0.799999 18.3688 5.70398
    endloop
  endfacet
  facet normal 0 -0.595541 0.803325
    outer loop
      vertex 0.799999 18.2111 5.58707
      vertex 0 18.3688 5.70398
      vertex 0 18.2111 5.58707
    endloop
  endfacet
  facet normal 0 -0.427622 0.903958
    outer loop
      vertex 0 18.0428 5.48616
      vertex 0.799999 17.8654 5.40224
      vertex 0.799999 18.0428 5.48616
    endloop
  endfacet
  facet normal 0 -0.427622 0.903958
    outer loop
      vertex 0.799999 17.8654 5.40224
      vertex 0 18.0428 5.48616
      vertex 0 17.8654 5.40224
    endloop
  endfacet
  facet normal 0 -0.94158 0.336788
    outer loop
      vertex 0 18.9478 6.48463
      vertex 0.799999 19.0139 6.66943
      vertex 0 19.0139 6.66943
    endloop
  endfacet
  facet normal 0 -0.94158 0.336788
    outer loop
      vertex 0.799999 19.0139 6.66943
      vertex 0 18.9478 6.48463
      vertex 0.799999 18.9478 6.48463
    endloop
  endfacet
  facet normal 0 -0.989176 0.146733
    outer loop
      vertex 0 19.0616 6.85982
      vertex 0.799999 19.0904 7.05397
      vertex 0 19.0904 7.05397
    endloop
  endfacet
  facet normal 0 -0.989176 0.146733
    outer loop
      vertex 0.799999 19.0904 7.05397
      vertex 0 19.0616 6.85982
      vertex 0.799999 19.0616 6.85982
    endloop
  endfacet
  facet normal 0 -0.94158 -0.336788
    outer loop
      vertex 0 19.0139 11.3306
      vertex 0.799999 18.9478 11.5154
      vertex 0 18.9478 11.5154
    endloop
  endfacet
  facet normal 0 -0.94158 -0.336788
    outer loop
      vertex 0.799999 18.9478 11.5154
      vertex 0 19.0139 11.3306
      vertex 0.799999 19.0139 11.3306
    endloop
  endfacet
  facet normal 0 -0.514196 -0.857673
    outer loop
      vertex 0 18.0428 12.5138
      vertex 0.799999 18.2111 12.4129
      vertex 0.799999 18.0428 12.5138
    endloop
  endfacet
  facet normal -0 -0.514196 -0.857673
    outer loop
      vertex 0.799999 18.2111 12.4129
      vertex 0 18.0428 12.5138
      vertex 0 18.2111 12.4129
    endloop
  endfacet
  facet normal 0 -0.0489209 -0.998803
    outer loop
      vertex 0 17.1 12.75
      vertex 0.799999 17.296 12.7404
      vertex 0.799999 17.1 12.75
    endloop
  endfacet
  facet normal -0 -0.0489209 -0.998803
    outer loop
      vertex 0.799999 17.296 12.7404
      vertex 0 17.1 12.75
      vertex 0 17.296 12.7404
    endloop
  endfacet
  facet normal 0 -0.146696 -0.989182
    outer loop
      vertex 0 17.296 12.7404
      vertex 0.799999 17.4902 12.7116
      vertex 0.799999 17.296 12.7404
    endloop
  endfacet
  facet normal -0 -0.146696 -0.989182
    outer loop
      vertex 0.799999 17.4902 12.7116
      vertex 0 17.296 12.7404
      vertex 0 17.4902 12.7116
    endloop
  endfacet
  facet normal 0 0.85765 -0.514233
    outer loop
      vertex 0.799999 6.33616 11.6928
      vertex 0 6.43707 11.8611
      vertex 0.799999 6.43707 11.8611
    endloop
  endfacet
  facet normal 0 0.85765 -0.514233
    outer loop
      vertex 0 6.43707 11.8611
      vertex 0.799999 6.33616 11.6928
      vertex 0 6.33616 11.6928
    endloop
  endfacet
  facet normal -0 0.242931 0.970044
    outer loop
      vertex 0 7.70982 5.28844
      vertex 0.799999 7.51943 5.33612
      vertex 0.799999 7.70982 5.28844
    endloop
  endfacet
  facet normal 0 0.242931 0.970044
    outer loop
      vertex 0.799999 7.51943 5.33612
      vertex 0 7.70982 5.28844
      vertex 0 7.51943 5.33612
    endloop
  endfacet
  facet normal 0 0.803199 0.595711
    outer loop
      vertex 0.799999 6.55398 5.98122
      vertex 0 6.43707 6.13885
      vertex 0.799999 6.43707 6.13885
    endloop
  endfacet
  facet normal 0 0.803199 0.595711
    outer loop
      vertex 0 6.43707 6.13885
      vertex 0.799999 6.55398 5.98122
      vertex 0 6.55398 5.98122
    endloop
  endfacet
  facet normal 0 0.941548 0.336879
    outer loop
      vertex 0.799999 6.25224 6.48463
      vertex 0 6.18612 6.66943
      vertex 0.799999 6.18612 6.66943
    endloop
  endfacet
  facet normal 0 0.941548 0.336879
    outer loop
      vertex 0 6.18612 6.66943
      vertex 0.799999 6.25224 6.48463
      vertex 0 6.25224 6.48463
    endloop
  endfacet
  facet normal 0 0.970044 0.242931
    outer loop
      vertex 0.799999 6.18612 6.66943
      vertex 0 6.13844 6.85982
      vertex 0.799999 6.13844 6.85982
    endloop
  endfacet
  facet normal 0 0.970044 0.242931
    outer loop
      vertex 0 6.13844 6.85982
      vertex 0.799999 6.18612 6.66943
      vertex 0 6.18612 6.66943
    endloop
  endfacet
  facet normal -0 0.514099 0.857731
    outer loop
      vertex 0 7.15721 5.48616
      vertex 0.799999 6.98885 5.58707
      vertex 0.799999 7.15721 5.48616
    endloop
  endfacet
  facet normal 0 0.514099 0.857731
    outer loop
      vertex 0.799999 6.98885 5.58707
      vertex 0 7.15721 5.48616
      vertex 0 6.98885 5.58707
    endloop
  endfacet
  facet normal -0 0.427583 0.903976
    outer loop
      vertex 0 7.33463 5.40224
      vertex 0.799999 7.15721 5.48616
      vertex 0.799999 7.33463 5.40224
    endloop
  endfacet
  facet normal 0 0.427583 0.903976
    outer loop
      vertex 0.799999 7.15721 5.48616
      vertex 0 7.33463 5.40224
      vertex 0 7.15721 5.48616
    endloop
  endfacet
  facet normal 0 -0.857754 0.514061
    outer loop
      vertex 0 18.7629 6.13885
      vertex 0.799999 18.8638 6.30721
      vertex 0 18.8638 6.30721
    endloop
  endfacet
  facet normal 0 -0.857754 0.514061
    outer loop
      vertex 0.799999 18.8638 6.30721
      vertex 0 18.7629 6.13885
      vertex 0.799999 18.7629 6.13885
    endloop
  endfacet
  facet normal 0 -0.903819 0.427916
    outer loop
      vertex 0 18.8638 6.30721
      vertex 0.799999 18.9478 6.48463
      vertex 0 18.9478 6.48463
    endloop
  endfacet
  facet normal 0 -0.903819 0.427916
    outer loop
      vertex 0.799999 18.9478 6.48463
      vertex 0 18.8638 6.30721
      vertex 0.799999 18.8638 6.30721
    endloop
  endfacet
  facet normal 0 -0.970019 0.243027
    outer loop
      vertex 0 19.0139 6.66943
      vertex 0.799999 19.0616 6.85982
      vertex 0 19.0616 6.85982
    endloop
  endfacet
  facet normal 0 -0.970019 0.243027
    outer loop
      vertex 0.799999 19.0616 6.85982
      vertex 0 19.0139 6.66943
      vertex 0.799999 19.0139 6.66943
    endloop
  endfacet
  facet normal 0 -0.9038 -0.427955
    outer loop
      vertex 0 18.9478 11.5154
      vertex 0.799999 18.8638 11.6928
      vertex 0 18.8638 11.6928
    endloop
  endfacet
  facet normal 0 -0.9038 -0.427955
    outer loop
      vertex 0.799999 18.8638 11.6928
      vertex 0 18.9478 11.5154
      vertex 0.799999 18.9478 11.5154
    endloop
  endfacet
  facet normal 0 -0.970023 -0.243015
    outer loop
      vertex 0 19.0616 11.1402
      vertex 0.799999 19.0139 11.3306
      vertex 0 19.0139 11.3306
    endloop
  endfacet
  facet normal 0 -0.970023 -0.243015
    outer loop
      vertex 0.799999 19.0139 11.3306
      vertex 0 19.0616 11.1402
      vertex 0.799999 19.0616 11.1402
    endloop
  endfacet
  facet normal 0 0.595678 -0.803223
    outer loop
      vertex 0 6.83122 12.296
      vertex 0.799999 6.98885 12.4129
      vertex 0.799999 6.83122 12.296
    endloop
  endfacet
  facet normal 0 0.595678 -0.803223
    outer loop
      vertex 0.799999 6.98885 12.4129
      vertex 0 6.83122 12.296
      vertex 0 6.98885 12.4129
    endloop
  endfacet
  facet normal 0 0.514061 -0.857754
    outer loop
      vertex 0 6.98885 12.4129
      vertex 0.799999 7.15721 12.5138
      vertex 0.799999 6.98885 12.4129
    endloop
  endfacet
  facet normal 0 0.514061 -0.857754
    outer loop
      vertex 0.799999 7.15721 12.5138
      vertex 0 6.98885 12.4129
      vertex 0 7.15721 12.5138
    endloop
  endfacet
  facet normal 0 0.857731 0.514099
    outer loop
      vertex 0.799999 6.43707 6.13885
      vertex 0 6.33616 6.30721
      vertex 0.799999 6.33616 6.30721
    endloop
  endfacet
  facet normal 0 0.857731 0.514099
    outer loop
      vertex 0 6.33616 6.30721
      vertex 0.799999 6.43707 6.13885
      vertex 0 6.43707 6.13885
    endloop
  endfacet
  facet normal -0 0.595711 0.803199
    outer loop
      vertex 0 6.98885 5.58707
      vertex 0.799999 6.83122 5.70398
      vertex 0.799999 6.98885 5.58707
    endloop
  endfacet
  facet normal 0 0.595711 0.803199
    outer loop
      vertex 0.799999 6.83122 5.70398
      vertex 0 6.98885 5.58707
      vertex 0 6.83122 5.70398
    endloop
  endfacet
  facet normal -0 0.671505 0.741
    outer loop
      vertex 0 6.83122 5.70398
      vertex 0.799999 6.68578 5.83578
      vertex 0.799999 6.83122 5.70398
    endloop
  endfacet
  facet normal 0 0.671505 0.741
    outer loop
      vertex 0.799999 6.68578 5.83578
      vertex 0 6.83122 5.70398
      vertex 0 6.68578 5.83578
    endloop
  endfacet
  facet normal 0 -0.803223 0.595678
    outer loop
      vertex 0 18.646 5.98122
      vertex 0.799999 18.7629 6.13885
      vertex 0 18.7629 6.13885
    endloop
  endfacet
  facet normal 0 -0.803223 0.595678
    outer loop
      vertex 0.799999 18.7629 6.13885
      vertex 0 18.646 5.98122
      vertex 0.799999 18.646 5.98122
    endloop
  endfacet
  facet normal 0 -0.595508 -0.80335
    outer loop
      vertex 0 18.2111 12.4129
      vertex 0.799999 18.3688 12.296
      vertex 0.799999 18.2111 12.4129
    endloop
  endfacet
  facet normal -0 -0.595508 -0.80335
    outer loop
      vertex 0.799999 18.3688 12.296
      vertex 0 18.2111 12.4129
      vertex 0 18.3688 12.296
    endloop
  endfacet
  facet normal 0 -0.671607 -0.740908
    outer loop
      vertex 0 18.3688 12.296
      vertex 0.799999 18.5142 12.1642
      vertex 0.799999 18.3688 12.296
    endloop
  endfacet
  facet normal -0 -0.671607 -0.740908
    outer loop
      vertex 0.799999 18.5142 12.1642
      vertex 0 18.3688 12.296
      vertex 0 18.5142 12.1642
    endloop
  endfacet
  facet normal 1 0 0
    outer loop
      vertex 1.6 17.6 7.90001
      vertex 1.6 23.6 14.4
      vertex 1.6 17.6 10.1
    endloop
  endfacet
  facet normal 1 0 0
    outer loop
      vertex 1.6 23.6 14.4
      vertex 1.6 17.5952 10.198
      vertex 1.6 17.6 10.1
    endloop
  endfacet
  facet normal 1 0 0
    outer loop
      vertex 1.6 23.6 14.4
      vertex 1.6 17.5808 10.2951
      vertex 1.6 17.5952 10.198
    endloop
  endfacet
  facet normal 1 0 0
    outer loop
      vertex 1.6 23.6 14.4
      vertex 1.6 17.5569 10.3903
      vertex 1.6 17.5808 10.2951
    endloop
  endfacet
  facet normal 1 0 0
    outer loop
      vertex 1.6 23.6 14.4
      vertex 1.6 17.5239 10.4827
      vertex 1.6 17.5569 10.3903
    endloop
  endfacet
  facet normal 1 0 0
    outer loop
      vertex 1.6 23.6 14.4
      vertex 1.6 17.4819 10.5714
      vertex 1.6 17.5239 10.4827
    endloop
  endfacet
  facet normal 1 0 0
    outer loop
      vertex 1.6 23.6 14.4
      vertex 1.6 17.4315 10.6556
      vertex 1.6 17.4819 10.5714
    endloop
  endfacet
  facet normal 1 0 0
    outer loop
      vertex 1.6 23.6 14.4
      vertex 1.6 17.373 10.7344
      vertex 1.6 17.4315 10.6556
    endloop
  endfacet
  facet normal 1 0 0
    outer loop
      vertex 1.6 23.6 14.4
      vertex 1.6 17.3071 10.8071
      vertex 1.6 17.373 10.7344
    endloop
  endfacet
  facet normal 1 0 0
    outer loop
      vertex 1.6 23.6 14.4
      vertex 1.6 17.2344 10.873
      vertex 1.6 17.3071 10.8071
    endloop
  endfacet
  facet normal 1 0 0
    outer loop
      vertex 1.6 23.6 14.4
      vertex 1.6 17.1556 10.9315
      vertex 1.6 17.2344 10.873
    endloop
  endfacet
  facet normal 1 0 0
    outer loop
      vertex 1.6 23.6 14.4
      vertex 1.6 17.0714 10.9819
      vertex 1.6 17.1556 10.9315
    endloop
  endfacet
  facet normal 1 0 0
    outer loop
      vertex 1.6 23.6 14.4
      vertex 1.6 16.9827 11.0239
      vertex 1.6 17.0714 10.9819
    endloop
  endfacet
  facet normal 1 0 0
    outer loop
      vertex 1.6 23.6 14.4
      vertex 1.6 16.8903 11.0569
      vertex 1.6 16.9827 11.0239
    endloop
  endfacet
  facet normal 1 0 0
    outer loop
      vertex 1.6 23.6 14.4
      vertex 1.6 16.7951 11.0808
      vertex 1.6 16.8903 11.0569
    endloop
  endfacet
  facet normal 1 0 0
    outer loop
      vertex 1.6 23.6 14.4
      vertex 1.6 16.698 11.0952
      vertex 1.6 16.7951 11.0808
    endloop
  endfacet
  facet normal 1 0 0
    outer loop
      vertex 1.6 23.6 14.4
      vertex 1.6 16.6 11.1
      vertex 1.6 16.698 11.0952
    endloop
  endfacet
  facet normal 1 0 0
    outer loop
      vertex 1.6 23.6 14.4
      vertex 1.6 8.6 11.1
      vertex 1.6 16.6 11.1
    endloop
  endfacet
  facet normal 1 -0 0
    outer loop
      vertex 1.6 1.6 14.4
      vertex 1.6 8.6 11.1
      vertex 1.6 23.6 14.4
    endloop
  endfacet
  facet normal 1 0 0
    outer loop
      vertex 1.6 8.6 11.1
      vertex 1.6 1.6 14.4
      vertex 1.6 8.50198 11.0952
    endloop
  endfacet
  facet normal 1 0 0
    outer loop
      vertex 1.6 7.6 10.1
      vertex 1.6 1.6 14.4
      vertex 1.6 7.6 7.90001
    endloop
  endfacet
  facet normal 1 0 0
    outer loop
      vertex 1.6 7.60482 10.198
      vertex 1.6 1.6 14.4
      vertex 1.6 7.6 10.1
    endloop
  endfacet
  facet normal 1 0 0
    outer loop
      vertex 1.6 7.61921 10.2951
      vertex 1.6 1.6 14.4
      vertex 1.6 7.60482 10.198
    endloop
  endfacet
  facet normal 1 0 0
    outer loop
      vertex 1.6 7.64306 10.3903
      vertex 1.6 1.6 14.4
      vertex 1.6 7.61921 10.2951
    endloop
  endfacet
  facet normal 1 0 0
    outer loop
      vertex 1.6 7.67613 10.4827
      vertex 1.6 1.6 14.4
      vertex 1.6 7.64306 10.3903
    endloop
  endfacet
  facet normal 1 0 0
    outer loop
      vertex 1.6 7.71807 10.5714
      vertex 1.6 1.6 14.4
      vertex 1.6 7.67613 10.4827
    endloop
  endfacet
  facet normal 1 0 0
    outer loop
      vertex 1.6 7.76853 10.6556
      vertex 1.6 1.6 14.4
      vertex 1.6 7.71807 10.5714
    endloop
  endfacet
  facet normal 1 0 0
    outer loop
      vertex 1.6 7.82699 10.7344
      vertex 1.6 1.6 14.4
      vertex 1.6 7.76853 10.6556
    endloop
  endfacet
  facet normal 1 0 0
    outer loop
      vertex 1.6 7.89289 10.8071
      vertex 1.6 1.6 14.4
      vertex 1.6 7.82699 10.7344
    endloop
  endfacet
  facet normal 1 0 0
    outer loop
      vertex 1.6 7.9656 10.873
      vertex 1.6 1.6 14.4
      vertex 1.6 7.89289 10.8071
    endloop
  endfacet
  facet normal 1 0 0
    outer loop
      vertex 1.6 8.04443 10.9315
      vertex 1.6 1.6 14.4
      vertex 1.6 7.9656 10.873
    endloop
  endfacet
  facet normal 1 0 0
    outer loop
      vertex 1.6 8.12861 10.9819
      vertex 1.6 1.6 14.4
      vertex 1.6 8.04443 10.9315
    endloop
  endfacet
  facet normal 1 0 0
    outer loop
      vertex 1.6 8.21731 11.0239
      vertex 1.6 1.6 14.4
      vertex 1.6 8.12861 10.9819
    endloop
  endfacet
  facet normal 1 0 0
    outer loop
      vertex 1.6 8.30972 11.0569
      vertex 1.6 1.6 14.4
      vertex 1.6 8.21731 11.0239
    endloop
  endfacet
  facet normal 1 0 0
    outer loop
      vertex 1.6 8.40492 11.0808
      vertex 1.6 1.6 14.4
      vertex 1.6 8.30972 11.0569
    endloop
  endfacet
  facet normal 1 0 0
    outer loop
      vertex 1.6 8.50198 11.0952
      vertex 1.6 1.6 14.4
      vertex 1.6 8.40492 11.0808
    endloop
  endfacet
  facet normal 1 0 0
    outer loop
      vertex 1.6 23.6 14.4
      vertex 1.6 17.6 7.90001
      vertex 1.6 23.6 1.4
    endloop
  endfacet
  facet normal 1 -0 0
    outer loop
      vertex 1.6 17.5952 7.80199
      vertex 1.6 23.6 1.4
      vertex 1.6 17.6 7.90001
    endloop
  endfacet
  facet normal 1 -0 0
    outer loop
      vertex 1.6 17.5808 7.70493
      vertex 1.6 23.6 1.4
      vertex 1.6 17.5952 7.80199
    endloop
  endfacet
  facet normal 1 -0 0
    outer loop
      vertex 1.6 17.5569 7.60973
      vertex 1.6 23.6 1.4
      vertex 1.6 17.5808 7.70493
    endloop
  endfacet
  facet normal 1 -0 0
    outer loop
      vertex 1.6 17.5239 7.51732
      vertex 1.6 23.6 1.4
      vertex 1.6 17.5569 7.60973
    endloop
  endfacet
  facet normal 1 -0 0
    outer loop
      vertex 1.6 17.4819 7.42862
      vertex 1.6 23.6 1.4
      vertex 1.6 17.5239 7.51732
    endloop
  endfacet
  facet normal 1 -0 0
    outer loop
      vertex 1.6 17.4315 7.34444
      vertex 1.6 23.6 1.4
      vertex 1.6 17.4819 7.42862
    endloop
  endfacet
  facet normal 1 -0 0
    outer loop
      vertex 1.6 17.373 7.26561
      vertex 1.6 23.6 1.4
      vertex 1.6 17.4315 7.34444
    endloop
  endfacet
  facet normal 1 -0 0
    outer loop
      vertex 1.6 17.3071 7.1929
      vertex 1.6 23.6 1.4
      vertex 1.6 17.373 7.26561
    endloop
  endfacet
  facet normal 1 -0 0
    outer loop
      vertex 1.6 17.2344 7.127
      vertex 1.6 23.6 1.4
      vertex 1.6 17.3071 7.1929
    endloop
  endfacet
  facet normal 1 -0 0
    outer loop
      vertex 1.6 17.1556 7.06854
      vertex 1.6 23.6 1.4
      vertex 1.6 17.2344 7.127
    endloop
  endfacet
  facet normal 1 -0 0
    outer loop
      vertex 1.6 17.0714 7.01808
      vertex 1.6 23.6 1.4
      vertex 1.6 17.1556 7.06854
    endloop
  endfacet
  facet normal 1 -0 0
    outer loop
      vertex 1.6 16.9827 6.97614
      vertex 1.6 23.6 1.4
      vertex 1.6 17.0714 7.01808
    endloop
  endfacet
  facet normal 1 -0 0
    outer loop
      vertex 1.6 16.8903 6.94307
      vertex 1.6 23.6 1.4
      vertex 1.6 16.9827 6.97614
    endloop
  endfacet
  facet normal 1 -0 0
    outer loop
      vertex 1.6 16.7951 6.91922
      vertex 1.6 23.6 1.4
      vertex 1.6 16.8903 6.94307
    endloop
  endfacet
  facet normal 1 -0 0
    outer loop
      vertex 1.6 16.698 6.90483
      vertex 1.6 23.6 1.4
      vertex 1.6 16.7951 6.91922
    endloop
  endfacet
  facet normal 1 -0 0
    outer loop
      vertex 1.6 16.6 6.90001
      vertex 1.6 23.6 1.4
      vertex 1.6 16.698 6.90483
    endloop
  endfacet
  facet normal 1 -0 0
    outer loop
      vertex 1.6 8.6 6.90001
      vertex 1.6 23.6 1.4
      vertex 1.6 16.6 6.90001
    endloop
  endfacet
  facet normal 1 0 0
    outer loop
      vertex 1.6 1.6 1.4
      vertex 1.6 8.6 6.90001
      vertex 1.6 8.50198 6.90483
    endloop
  endfacet
  facet normal 1 0 0
    outer loop
      vertex 1.6 1.6 1.4
      vertex 1.6 8.50198 6.90483
      vertex 1.6 8.40492 6.91922
    endloop
  endfacet
  facet normal 1 0 0
    outer loop
      vertex 1.6 1.6 1.4
      vertex 1.6 8.40492 6.91922
      vertex 1.6 8.30972 6.94307
    endloop
  endfacet
  facet normal 1 0 0
    outer loop
      vertex 1.6 1.6 1.4
      vertex 1.6 8.30972 6.94307
      vertex 1.6 8.21731 6.97614
    endloop
  endfacet
  facet normal 1 0 0
    outer loop
      vertex 1.6 1.6 1.4
      vertex 1.6 7.6 7.90001
      vertex 1.6 1.6 14.4
    endloop
  endfacet
  facet normal 1 0 0
    outer loop
      vertex 1.6 7.6 7.90001
      vertex 1.6 1.6 1.4
      vertex 1.6 7.60482 7.80199
    endloop
  endfacet
  facet normal 1 0 0
    outer loop
      vertex 1.6 7.60482 7.80199
      vertex 1.6 1.6 1.4
      vertex 1.6 7.61921 7.70493
    endloop
  endfacet
  facet normal 1 0 0
    outer loop
      vertex 1.6 7.61921 7.70493
      vertex 1.6 1.6 1.4
      vertex 1.6 7.64306 7.60973
    endloop
  endfacet
  facet normal 1 0 0
    outer loop
      vertex 1.6 7.64306 7.60973
      vertex 1.6 1.6 1.4
      vertex 1.6 7.67613 7.51732
    endloop
  endfacet
  facet normal 1 0 0
    outer loop
      vertex 1.6 7.67613 7.51732
      vertex 1.6 1.6 1.4
      vertex 1.6 7.71807 7.42862
    endloop
  endfacet
  facet normal 1 0 0
    outer loop
      vertex 1.6 7.71807 7.42862
      vertex 1.6 1.6 1.4
      vertex 1.6 7.76853 7.34444
    endloop
  endfacet
  facet normal 1 0 0
    outer loop
      vertex 1.6 8.6 6.90001
      vertex 1.6 1.6 1.4
      vertex 1.6 23.6 1.4
    endloop
  endfacet
  facet normal 1 0 0
    outer loop
      vertex 1.6 8.12861 7.01808
      vertex 1.6 1.6 1.4
      vertex 1.6 8.21731 6.97614
    endloop
  endfacet
  facet normal 1 0 0
    outer loop
      vertex 1.6 8.04443 7.06854
      vertex 1.6 1.6 1.4
      vertex 1.6 8.12861 7.01808
    endloop
  endfacet
  facet normal 1 0 0
    outer loop
      vertex 1.6 7.9656 7.127
      vertex 1.6 1.6 1.4
      vertex 1.6 8.04443 7.06854
    endloop
  endfacet
  facet normal 1 0 0
    outer loop
      vertex 1.6 7.89289 7.1929
      vertex 1.6 1.6 1.4
      vertex 1.6 7.9656 7.127
    endloop
  endfacet
  facet normal 1 0 0
    outer loop
      vertex 1.6 7.82699 7.26561
      vertex 1.6 1.6 1.4
      vertex 1.6 7.89289 7.1929
    endloop
  endfacet
  facet normal 1 0 0
    outer loop
      vertex 1.6 7.76853 7.34444
      vertex 1.6 1.6 1.4
      vertex 1.6 7.82699 7.26561
    endloop
  endfacet
  facet normal -1 0 0
    outer loop
      vertex 37.6 1.6 1.4
      vertex 37.6 23.6 14.4
      vertex 37.6 23.6 1.4
    endloop
  endfacet
  facet normal -1 -0 0
    outer loop
      vertex 37.6 23.6 14.4
      vertex 37.6 1.6 1.4
      vertex 37.6 1.6 14.4
    endloop
  endfacet
  facet normal -0 0 1
    outer loop
      vertex 1.6 23.6 1.4
      vertex 37.6 1.6 1.4
      vertex 37.6 23.6 1.4
    endloop
  endfacet
  facet normal 0 0 1
    outer loop
      vertex 37.6 1.6 1.4
      vertex 1.6 23.6 1.4
      vertex 1.6 1.6 1.4
    endloop
  endfacet
  facet normal 0 1 0
    outer loop
      vertex 37.6 1.6 14.4
      vertex 23.6 1.6 13.4
      vertex 23.6 1.6 14.4
    endloop
  endfacet
  facet normal 0 1 0
    outer loop
      vertex 23.6 1.6 13.4
      vertex 37.6 1.6 1.4
      vertex 15.6 1.6 13.4
    endloop
  endfacet
  facet normal 0 1 -0
    outer loop
      vertex 37.6 1.6 1.4
      vertex 23.6 1.6 13.4
      vertex 37.6 1.6 14.4
    endloop
  endfacet
  facet normal 0 1 -0
    outer loop
      vertex 15.6 1.6 13.4
      vertex 1.6 1.6 14.4
      vertex 15.6 1.6 14.4
    endloop
  endfacet
  facet normal 0 1 0
    outer loop
      vertex 1.6 1.6 1.4
      vertex 15.6 1.6 13.4
      vertex 37.6 1.6 1.4
    endloop
  endfacet
  facet normal 0 1 0
    outer loop
      vertex 15.6 1.6 13.4
      vertex 1.6 1.6 1.4
      vertex 1.6 1.6 14.4
    endloop
  endfacet
  facet normal 0 -1 0
    outer loop
      vertex 1.6 23.6 1.4
      vertex 37.6 23.6 14.4
      vertex 1.6 23.6 14.4
    endloop
  endfacet
  facet normal 0 -1 -0
    outer loop
      vertex 37.6 23.6 14.4
      vertex 1.6 23.6 1.4
      vertex 37.6 23.6 1.4
    endloop
  endfacet
  facet normal 1 -0 0
    outer loop
      vertex 15.6 0 14.4
      vertex 15.6 1.6 13.4
      vertex 15.6 1.6 14.4
    endloop
  endfacet
  facet normal 1 0 0
    outer loop
      vertex 15.6 1.6 13.4
      vertex 15.6 0 14.4
      vertex 15.6 0 13.4
    endloop
  endfacet
  facet normal -1 0 0
    outer loop
      vertex 23.6 0 13.4
      vertex 23.6 1.6 14.4
      vertex 23.6 1.6 13.4
    endloop
  endfacet
  facet normal -1 -0 0
    outer loop
      vertex 23.6 1.6 14.4
      vertex 23.6 0 13.4
      vertex 23.6 0 14.4
    endloop
  endfacet
  facet normal -0 0 1
    outer loop
      vertex 15.6 1.6 13.4
      vertex 23.6 0 13.4
      vertex 23.6 1.6 13.4
    endloop
  endfacet
  facet normal 0 0 1
    outer loop
      vertex 23.6 0 13.4
      vertex 15.6 1.6 13.4
      vertex 15.6 0 13.4
    endloop
  endfacet
endsolid OpenSCAD_Model
